solid Created by Gmsh
facet normal -0 -1 0
  outer loop
    vertex 0.0057 0 0.008999999999999999
    vertex 0 0 0.02500000000006141
    vertex 0 0 0
  endloop
endfacet
facet normal 0 -1 0
  outer loop
    vertex 0 0 0.15
    vertex 0 0 0.1250000000000392
    vertex 0.0057 0 0.141
  endloop
endfacet
facet normal 0 -1 0
  outer loop
    vertex 0 0 0.05000000000012345
    vertex 0 0 0.02500000000006141
    vertex 0.0057 0 0.03099999999995512
  endloop
endfacet
facet normal 0 -1 0
  outer loop
    vertex 0 0 0.1250000000000392
    vertex 0 0 0.1000000000001109
    vertex 0.0057 0 0.1189999999999397
  endloop
endfacet
facet normal 0 -1 0
  outer loop
    vertex 0.02499999999993847 0 0
    vertex 0.0057 0 0.008999999999999999
    vertex 0 0 0
  endloop
endfacet
facet normal -0 -1 -0
  outer loop
    vertex 0.075 0 0.008999999999999999
    vertex 0.05190000000006277 0 0.008999999999999999
    vertex 0.075 0 0
  endloop
endfacet
facet normal 0 -1 -0
  outer loop
    vertex 0.05190000000006277 0 0.008999999999999999
    vertex 0.049999999999937 0 0
    vertex 0.075 0 0
  endloop
endfacet
facet normal -0 -1 0
  outer loop
    vertex 0.02880000000006591 0 0.008999999999999999
    vertex 0.0057 0 0.008999999999999999
    vertex 0.02499999999993847 0 0
  endloop
endfacet
facet normal 0 -1 -0
  outer loop
    vertex 0.0057 0 0.03099999999995512
    vertex 0 0 0.02500000000006141
    vertex 0.0057 0 0.008999999999999999
  endloop
endfacet
facet normal -0 -1 0
  outer loop
    vertex 0.02500000000006173 0 0.15
    vertex 0 0 0.15
    vertex 0.0057 0 0.141
  endloop
endfacet
facet normal 0 -1 -0
  outer loop
    vertex 0.0057 0 0.141
    vertex 0 0 0.1250000000000392
    vertex 0.0057 0 0.1189999999999397
  endloop
endfacet
facet normal 0 -1 -0
  outer loop
    vertex 0.02500000000006173 0 0.15
    vertex 0.0057 0 0.141
    vertex 0.02879999999994219 0 0.141
  endloop
endfacet
facet normal 0 -1 0
  outer loop
    vertex 0.075 0 0.141
    vertex 0.075 0 0.15
    vertex 0.05189999999993772 0 0.141
  endloop
endfacet
facet normal -0 -1 0
  outer loop
    vertex 0.075 0 0.15
    vertex 0.05000000000005547 0 0.15
    vertex 0.05189999999993772 0 0.141
  endloop
endfacet
facet normal 0 -1 0
  outer loop
    vertex 0.049999999999937 0 0
    vertex 0.02880000000006591 0 0.008999999999999999
    vertex 0.02499999999993847 0 0
  endloop
endfacet
facet normal -0 -1 0
  outer loop
    vertex 0.05190000000006277 0 0.008999999999999999
    vertex 0.02880000000006591 0 0.008999999999999999
    vertex 0.049999999999937 0 0
  endloop
endfacet
facet normal 0 -1 -0
  outer loop
    vertex 0.0057 0 0.05299999999989062
    vertex 0 0 0.05000000000012345
    vertex 0.0057 0 0.03099999999995512
  endloop
endfacet
facet normal -0 -1 -0
  outer loop
    vertex 0.0057 0 0.0749999999998275
    vertex 0 0 0.07500000000018549
    vertex 0.0057 0 0.05299999999989062
  endloop
endfacet
facet normal 0 -1 0
  outer loop
    vertex 0 0 0.07500000000018549
    vertex 0 0 0.05000000000012345
    vertex 0.0057 0 0.05299999999989062
  endloop
endfacet
facet normal 0 -1 0
  outer loop
    vertex 0 0 0.07500000000018549
    vertex 0.0057 0 0.0749999999998275
    vertex 0.0057 0 0.0969999999998786
  endloop
endfacet
facet normal 0 -1 -0
  outer loop
    vertex 0.0057 0 0.1189999999999397
    vertex 0 0 0.1000000000001109
    vertex 0.0057 0 0.0969999999998786
  endloop
endfacet
facet normal 0 -1 0
  outer loop
    vertex 0 0 0.1000000000001109
    vertex 0 0 0.07500000000018549
    vertex 0.0057 0 0.0969999999998786
  endloop
endfacet
facet normal 0 -1 0
  outer loop
    vertex 0.05189999999993772 0 0.141
    vertex 0.05000000000005547 0 0.15
    vertex 0.02879999999994219 0 0.141
  endloop
endfacet
facet normal -0 -1 0
  outer loop
    vertex 0.05000000000005547 0 0.15
    vertex 0.02500000000006173 0 0.15
    vertex 0.02879999999994219 0 0.141
  endloop
endfacet
facet normal 0 0 1
  outer loop
    vertex 0 0 0
    vertex 0.02499999999993847 0 0
    vertex 0.02499999999993847 0.1 0
  endloop
endfacet
facet normal 0 0 1
  outer loop
    vertex 0 0 0
    vertex 0.02499999999993847 0.1 0
    vertex 0 0.1 0
  endloop
endfacet
facet normal 0 0 1
  outer loop
    vertex 0 0.1 0
    vertex 0.02499999999993847 0.1 0
    vertex 0.02499999999993847 0.2 0
  endloop
endfacet
facet normal 0 0 1
  outer loop
    vertex 0 0.1 0
    vertex 0.02499999999993847 0.2 0
    vertex 0 0.2 0
  endloop
endfacet
facet normal 0 0 1
  outer loop
    vertex 0 0.2 0
    vertex 0.02499999999993847 0.2 0
    vertex 0.02499999999993847 0.3 0
  endloop
endfacet
facet normal 0 0 1
  outer loop
    vertex 0 0.2 0
    vertex 0.02499999999993847 0.3 0
    vertex 0 0.3 0
  endloop
endfacet
facet normal 0 0 1
  outer loop
    vertex 0 0.3 0
    vertex 0.02499999999993847 0.3 0
    vertex 0.02499999999993847 0.4 0
  endloop
endfacet
facet normal 0 0 1
  outer loop
    vertex 0 0.3 0
    vertex 0.02499999999993847 0.4 0
    vertex 0 0.4 0
  endloop
endfacet
facet normal 0 0 1
  outer loop
    vertex 0 0.4 0
    vertex 0.02499999999993847 0.4 0
    vertex 0.02499999999993847 0.5 0
  endloop
endfacet
facet normal 0 0 1
  outer loop
    vertex 0 0.4 0
    vertex 0.02499999999993847 0.5 0
    vertex 0 0.5 0
  endloop
endfacet
facet normal 0 0 1
  outer loop
    vertex 0 0.5 0
    vertex 0.02499999999993847 0.5 0
    vertex 0.02499999999993847 0.6 0
  endloop
endfacet
facet normal 0 0 1
  outer loop
    vertex 0 0.5 0
    vertex 0.02499999999993847 0.6 0
    vertex 0 0.6 0
  endloop
endfacet
facet normal 0 0 1
  outer loop
    vertex 0 0.6 0
    vertex 0.02499999999993847 0.6 0
    vertex 0.02499999999993847 0.7 0
  endloop
endfacet
facet normal 0 0 1
  outer loop
    vertex 0 0.6 0
    vertex 0.02499999999993847 0.7 0
    vertex 0 0.7 0
  endloop
endfacet
facet normal 0 0 1
  outer loop
    vertex 0 0.7 0
    vertex 0.02499999999993847 0.7 0
    vertex 0.02499999999993847 0.8 0
  endloop
endfacet
facet normal 0 0 1
  outer loop
    vertex 0 0.7 0
    vertex 0.02499999999993847 0.8 0
    vertex 0 0.8 0
  endloop
endfacet
facet normal 0 0 1
  outer loop
    vertex 0 0.8 0
    vertex 0.02499999999993847 0.8 0
    vertex 0.02499999999993847 0.9 0
  endloop
endfacet
facet normal 0 0 1
  outer loop
    vertex 0 0.8 0
    vertex 0.02499999999993847 0.9 0
    vertex 0 0.9 0
  endloop
endfacet
facet normal 0 0 1
  outer loop
    vertex 0 0.9 0
    vertex 0.02499999999993847 0.9 0
    vertex 0.02499999999993847 1 0
  endloop
endfacet
facet normal 0 0 1
  outer loop
    vertex 0 0.9 0
    vertex 0.02499999999993847 1 0
    vertex 0 1 0
  endloop
endfacet
facet normal 0 0 1
  outer loop
    vertex 0 1 0
    vertex 0.02499999999993847 1 0
    vertex 0.02499999999993847 1.1 0
  endloop
endfacet
facet normal 0 0 1
  outer loop
    vertex 0 1 0
    vertex 0.02499999999993847 1.1 0
    vertex 0 1.1 0
  endloop
endfacet
facet normal 0 0 1
  outer loop
    vertex 0 1.1 0
    vertex 0.02499999999993847 1.1 0
    vertex 0.02499999999993847 1.2 0
  endloop
endfacet
facet normal 0 0 1
  outer loop
    vertex 0 1.1 0
    vertex 0.02499999999993847 1.2 0
    vertex 0 1.2 0
  endloop
endfacet
facet normal 0 0 1
  outer loop
    vertex 0 1.2 0
    vertex 0.02499999999993847 1.2 0
    vertex 0.02499999999993847 1.3 0
  endloop
endfacet
facet normal 0 0 1
  outer loop
    vertex 0 1.2 0
    vertex 0.02499999999993847 1.3 0
    vertex 0 1.3 0
  endloop
endfacet
facet normal 0 0 1
  outer loop
    vertex 0 1.3 0
    vertex 0.02499999999993847 1.3 0
    vertex 0.02499999999993847 1.4 0
  endloop
endfacet
facet normal 0 0 1
  outer loop
    vertex 0 1.3 0
    vertex 0.02499999999993847 1.4 0
    vertex 0 1.4 0
  endloop
endfacet
facet normal 0 0 1
  outer loop
    vertex 0 1.4 0
    vertex 0.02499999999993847 1.4 0
    vertex 0.02499999999993847 1.5 0
  endloop
endfacet
facet normal 0 0 1
  outer loop
    vertex 0 1.4 0
    vertex 0.02499999999993847 1.5 0
    vertex 0 1.5 0
  endloop
endfacet
facet normal 0 0 1
  outer loop
    vertex 0 1.5 0
    vertex 0.02499999999993847 1.5 0
    vertex 0.02499999999993847 1.6 0
  endloop
endfacet
facet normal 0 0 1
  outer loop
    vertex 0 1.5 0
    vertex 0.02499999999993847 1.6 0
    vertex 0 1.6 0
  endloop
endfacet
facet normal 0 0 1
  outer loop
    vertex 0 1.6 0
    vertex 0.02499999999993847 1.6 0
    vertex 0.02499999999993847 1.7 0
  endloop
endfacet
facet normal 0 0 1
  outer loop
    vertex 0 1.6 0
    vertex 0.02499999999993847 1.7 0
    vertex 0 1.7 0
  endloop
endfacet
facet normal 0 0 1
  outer loop
    vertex 0 1.7 0
    vertex 0.02499999999993847 1.7 0
    vertex 0.02499999999993847 1.8 0
  endloop
endfacet
facet normal 0 0 1
  outer loop
    vertex 0 1.7 0
    vertex 0.02499999999993847 1.8 0
    vertex 0 1.8 0
  endloop
endfacet
facet normal 0 0 1
  outer loop
    vertex 0 1.8 0
    vertex 0.02499999999993847 1.8 0
    vertex 0.02499999999993847 1.9 0
  endloop
endfacet
facet normal 0 0 1
  outer loop
    vertex 0 1.8 0
    vertex 0.02499999999993847 1.9 0
    vertex 0 1.9 0
  endloop
endfacet
facet normal 0 0 1
  outer loop
    vertex 0 1.9 0
    vertex 0.02499999999993847 1.9 0
    vertex 0.02499999999993847 2 0
  endloop
endfacet
facet normal 0 0 1
  outer loop
    vertex 0 1.9 0
    vertex 0.02499999999993847 2 0
    vertex 0 2 0
  endloop
endfacet
facet normal 0 0 1
  outer loop
    vertex 0.02499999999993847 0 0
    vertex 0.049999999999937 0 0
    vertex 0.049999999999937 0.1 0
  endloop
endfacet
facet normal 0 0 1
  outer loop
    vertex 0.02499999999993847 0 0
    vertex 0.049999999999937 0.1 0
    vertex 0.02499999999993847 0.1 0
  endloop
endfacet
facet normal 0 0 1
  outer loop
    vertex 0.02499999999993847 0.1 0
    vertex 0.049999999999937 0.1 0
    vertex 0.049999999999937 0.2 0
  endloop
endfacet
facet normal 0 0 1
  outer loop
    vertex 0.02499999999993847 0.1 0
    vertex 0.049999999999937 0.2 0
    vertex 0.02499999999993847 0.2 0
  endloop
endfacet
facet normal 0 0 1
  outer loop
    vertex 0.02499999999993847 0.2 0
    vertex 0.049999999999937 0.2 0
    vertex 0.049999999999937 0.3 0
  endloop
endfacet
facet normal 0 0 1
  outer loop
    vertex 0.02499999999993847 0.2 0
    vertex 0.049999999999937 0.3 0
    vertex 0.02499999999993847 0.3 0
  endloop
endfacet
facet normal 0 0 1
  outer loop
    vertex 0.02499999999993847 0.3 0
    vertex 0.049999999999937 0.3 0
    vertex 0.049999999999937 0.4 0
  endloop
endfacet
facet normal 0 0 1
  outer loop
    vertex 0.02499999999993847 0.3 0
    vertex 0.049999999999937 0.4 0
    vertex 0.02499999999993847 0.4 0
  endloop
endfacet
facet normal 0 0 1
  outer loop
    vertex 0.02499999999993847 0.4 0
    vertex 0.049999999999937 0.4 0
    vertex 0.049999999999937 0.5 0
  endloop
endfacet
facet normal 0 0 1
  outer loop
    vertex 0.02499999999993847 0.4 0
    vertex 0.049999999999937 0.5 0
    vertex 0.02499999999993847 0.5 0
  endloop
endfacet
facet normal 0 0 1
  outer loop
    vertex 0.02499999999993847 0.5 0
    vertex 0.049999999999937 0.5 0
    vertex 0.049999999999937 0.6 0
  endloop
endfacet
facet normal 0 0 1
  outer loop
    vertex 0.02499999999993847 0.5 0
    vertex 0.049999999999937 0.6 0
    vertex 0.02499999999993847 0.6 0
  endloop
endfacet
facet normal 0 0 1
  outer loop
    vertex 0.02499999999993847 0.6 0
    vertex 0.049999999999937 0.6 0
    vertex 0.049999999999937 0.7 0
  endloop
endfacet
facet normal 0 0 1
  outer loop
    vertex 0.02499999999993847 0.6 0
    vertex 0.049999999999937 0.7 0
    vertex 0.02499999999993847 0.7 0
  endloop
endfacet
facet normal 0 0 1
  outer loop
    vertex 0.02499999999993847 0.7 0
    vertex 0.049999999999937 0.7 0
    vertex 0.049999999999937 0.8 0
  endloop
endfacet
facet normal 0 0 1
  outer loop
    vertex 0.02499999999993847 0.7 0
    vertex 0.049999999999937 0.8 0
    vertex 0.02499999999993847 0.8 0
  endloop
endfacet
facet normal 0 0 1
  outer loop
    vertex 0.02499999999993847 0.8 0
    vertex 0.049999999999937 0.8 0
    vertex 0.049999999999937 0.9 0
  endloop
endfacet
facet normal 0 0 1
  outer loop
    vertex 0.02499999999993847 0.8 0
    vertex 0.049999999999937 0.9 0
    vertex 0.02499999999993847 0.9 0
  endloop
endfacet
facet normal 0 0 1
  outer loop
    vertex 0.02499999999993847 0.9 0
    vertex 0.049999999999937 0.9 0
    vertex 0.049999999999937 1 0
  endloop
endfacet
facet normal 0 0 1
  outer loop
    vertex 0.02499999999993847 0.9 0
    vertex 0.049999999999937 1 0
    vertex 0.02499999999993847 1 0
  endloop
endfacet
facet normal 0 0 1
  outer loop
    vertex 0.02499999999993847 1 0
    vertex 0.049999999999937 1 0
    vertex 0.049999999999937 1.1 0
  endloop
endfacet
facet normal 0 0 1
  outer loop
    vertex 0.02499999999993847 1 0
    vertex 0.049999999999937 1.1 0
    vertex 0.02499999999993847 1.1 0
  endloop
endfacet
facet normal 0 0 1
  outer loop
    vertex 0.02499999999993847 1.1 0
    vertex 0.049999999999937 1.1 0
    vertex 0.049999999999937 1.2 0
  endloop
endfacet
facet normal 0 0 1
  outer loop
    vertex 0.02499999999993847 1.1 0
    vertex 0.049999999999937 1.2 0
    vertex 0.02499999999993847 1.2 0
  endloop
endfacet
facet normal 0 0 1
  outer loop
    vertex 0.02499999999993847 1.2 0
    vertex 0.049999999999937 1.2 0
    vertex 0.049999999999937 1.3 0
  endloop
endfacet
facet normal 0 0 1
  outer loop
    vertex 0.02499999999993847 1.2 0
    vertex 0.049999999999937 1.3 0
    vertex 0.02499999999993847 1.3 0
  endloop
endfacet
facet normal 0 0 1
  outer loop
    vertex 0.02499999999993847 1.3 0
    vertex 0.049999999999937 1.3 0
    vertex 0.049999999999937 1.4 0
  endloop
endfacet
facet normal 0 0 1
  outer loop
    vertex 0.02499999999993847 1.3 0
    vertex 0.049999999999937 1.4 0
    vertex 0.02499999999993847 1.4 0
  endloop
endfacet
facet normal 0 0 1
  outer loop
    vertex 0.02499999999993847 1.4 0
    vertex 0.049999999999937 1.4 0
    vertex 0.049999999999937 1.5 0
  endloop
endfacet
facet normal 0 0 1
  outer loop
    vertex 0.02499999999993847 1.4 0
    vertex 0.049999999999937 1.5 0
    vertex 0.02499999999993847 1.5 0
  endloop
endfacet
facet normal 0 0 1
  outer loop
    vertex 0.02499999999993847 1.5 0
    vertex 0.049999999999937 1.5 0
    vertex 0.049999999999937 1.6 0
  endloop
endfacet
facet normal 0 0 1
  outer loop
    vertex 0.02499999999993847 1.5 0
    vertex 0.049999999999937 1.6 0
    vertex 0.02499999999993847 1.6 0
  endloop
endfacet
facet normal 0 0 1
  outer loop
    vertex 0.02499999999993847 1.6 0
    vertex 0.049999999999937 1.6 0
    vertex 0.049999999999937 1.7 0
  endloop
endfacet
facet normal 0 0 1
  outer loop
    vertex 0.02499999999993847 1.6 0
    vertex 0.049999999999937 1.7 0
    vertex 0.02499999999993847 1.7 0
  endloop
endfacet
facet normal 0 0 1
  outer loop
    vertex 0.02499999999993847 1.7 0
    vertex 0.049999999999937 1.7 0
    vertex 0.049999999999937 1.8 0
  endloop
endfacet
facet normal 0 0 1
  outer loop
    vertex 0.02499999999993847 1.7 0
    vertex 0.049999999999937 1.8 0
    vertex 0.02499999999993847 1.8 0
  endloop
endfacet
facet normal 0 0 1
  outer loop
    vertex 0.02499999999993847 1.8 0
    vertex 0.049999999999937 1.8 0
    vertex 0.049999999999937 1.9 0
  endloop
endfacet
facet normal 0 0 1
  outer loop
    vertex 0.02499999999993847 1.8 0
    vertex 0.049999999999937 1.9 0
    vertex 0.02499999999993847 1.9 0
  endloop
endfacet
facet normal 0 0 1
  outer loop
    vertex 0.02499999999993847 1.9 0
    vertex 0.049999999999937 1.9 0
    vertex 0.049999999999937 2 0
  endloop
endfacet
facet normal 0 0 1
  outer loop
    vertex 0.02499999999993847 1.9 0
    vertex 0.049999999999937 2 0
    vertex 0.02499999999993847 2 0
  endloop
endfacet
facet normal 0 0 1
  outer loop
    vertex 0.049999999999937 0 0
    vertex 0.075 0 0
    vertex 0.075 0.1 0
  endloop
endfacet
facet normal 0 0 1
  outer loop
    vertex 0.049999999999937 0 0
    vertex 0.075 0.1 0
    vertex 0.049999999999937 0.1 0
  endloop
endfacet
facet normal 0 0 1
  outer loop
    vertex 0.049999999999937 0.1 0
    vertex 0.075 0.1 0
    vertex 0.075 0.2 0
  endloop
endfacet
facet normal 0 0 1
  outer loop
    vertex 0.049999999999937 0.1 0
    vertex 0.075 0.2 0
    vertex 0.049999999999937 0.2 0
  endloop
endfacet
facet normal 0 0 1
  outer loop
    vertex 0.049999999999937 0.2 0
    vertex 0.075 0.2 0
    vertex 0.075 0.3 0
  endloop
endfacet
facet normal 0 0 1
  outer loop
    vertex 0.049999999999937 0.2 0
    vertex 0.075 0.3 0
    vertex 0.049999999999937 0.3 0
  endloop
endfacet
facet normal 0 0 1
  outer loop
    vertex 0.049999999999937 0.3 0
    vertex 0.075 0.3 0
    vertex 0.075 0.4 0
  endloop
endfacet
facet normal 0 0 1
  outer loop
    vertex 0.049999999999937 0.3 0
    vertex 0.075 0.4 0
    vertex 0.049999999999937 0.4 0
  endloop
endfacet
facet normal 0 0 1
  outer loop
    vertex 0.049999999999937 0.4 0
    vertex 0.075 0.4 0
    vertex 0.075 0.5 0
  endloop
endfacet
facet normal 0 0 1
  outer loop
    vertex 0.049999999999937 0.4 0
    vertex 0.075 0.5 0
    vertex 0.049999999999937 0.5 0
  endloop
endfacet
facet normal 0 0 1
  outer loop
    vertex 0.049999999999937 0.5 0
    vertex 0.075 0.5 0
    vertex 0.075 0.6 0
  endloop
endfacet
facet normal 0 0 1
  outer loop
    vertex 0.049999999999937 0.5 0
    vertex 0.075 0.6 0
    vertex 0.049999999999937 0.6 0
  endloop
endfacet
facet normal 0 0 1
  outer loop
    vertex 0.049999999999937 0.6 0
    vertex 0.075 0.6 0
    vertex 0.075 0.7 0
  endloop
endfacet
facet normal 0 0 1
  outer loop
    vertex 0.049999999999937 0.6 0
    vertex 0.075 0.7 0
    vertex 0.049999999999937 0.7 0
  endloop
endfacet
facet normal 0 0 1
  outer loop
    vertex 0.049999999999937 0.7 0
    vertex 0.075 0.7 0
    vertex 0.075 0.8 0
  endloop
endfacet
facet normal 0 0 1
  outer loop
    vertex 0.049999999999937 0.7 0
    vertex 0.075 0.8 0
    vertex 0.049999999999937 0.8 0
  endloop
endfacet
facet normal 0 0 1
  outer loop
    vertex 0.049999999999937 0.8 0
    vertex 0.075 0.8 0
    vertex 0.075 0.9 0
  endloop
endfacet
facet normal 0 0 1
  outer loop
    vertex 0.049999999999937 0.8 0
    vertex 0.075 0.9 0
    vertex 0.049999999999937 0.9 0
  endloop
endfacet
facet normal 0 0 1
  outer loop
    vertex 0.049999999999937 0.9 0
    vertex 0.075 0.9 0
    vertex 0.075 1 0
  endloop
endfacet
facet normal 0 0 1
  outer loop
    vertex 0.049999999999937 0.9 0
    vertex 0.075 1 0
    vertex 0.049999999999937 1 0
  endloop
endfacet
facet normal 0 0 1
  outer loop
    vertex 0.049999999999937 1 0
    vertex 0.075 1 0
    vertex 0.075 1.1 0
  endloop
endfacet
facet normal 0 0 1
  outer loop
    vertex 0.049999999999937 1 0
    vertex 0.075 1.1 0
    vertex 0.049999999999937 1.1 0
  endloop
endfacet
facet normal 0 0 1
  outer loop
    vertex 0.049999999999937 1.1 0
    vertex 0.075 1.1 0
    vertex 0.075 1.2 0
  endloop
endfacet
facet normal 0 0 1
  outer loop
    vertex 0.049999999999937 1.1 0
    vertex 0.075 1.2 0
    vertex 0.049999999999937 1.2 0
  endloop
endfacet
facet normal 0 0 1
  outer loop
    vertex 0.049999999999937 1.2 0
    vertex 0.075 1.2 0
    vertex 0.075 1.3 0
  endloop
endfacet
facet normal 0 0 1
  outer loop
    vertex 0.049999999999937 1.2 0
    vertex 0.075 1.3 0
    vertex 0.049999999999937 1.3 0
  endloop
endfacet
facet normal 0 0 1
  outer loop
    vertex 0.049999999999937 1.3 0
    vertex 0.075 1.3 0
    vertex 0.075 1.4 0
  endloop
endfacet
facet normal 0 0 1
  outer loop
    vertex 0.049999999999937 1.3 0
    vertex 0.075 1.4 0
    vertex 0.049999999999937 1.4 0
  endloop
endfacet
facet normal 0 0 1
  outer loop
    vertex 0.049999999999937 1.4 0
    vertex 0.075 1.4 0
    vertex 0.075 1.5 0
  endloop
endfacet
facet normal 0 0 1
  outer loop
    vertex 0.049999999999937 1.4 0
    vertex 0.075 1.5 0
    vertex 0.049999999999937 1.5 0
  endloop
endfacet
facet normal 0 0 1
  outer loop
    vertex 0.049999999999937 1.5 0
    vertex 0.075 1.5 0
    vertex 0.075 1.6 0
  endloop
endfacet
facet normal 0 0 1
  outer loop
    vertex 0.049999999999937 1.5 0
    vertex 0.075 1.6 0
    vertex 0.049999999999937 1.6 0
  endloop
endfacet
facet normal 0 0 1
  outer loop
    vertex 0.049999999999937 1.6 0
    vertex 0.075 1.6 0
    vertex 0.075 1.7 0
  endloop
endfacet
facet normal 0 0 1
  outer loop
    vertex 0.049999999999937 1.6 0
    vertex 0.075 1.7 0
    vertex 0.049999999999937 1.7 0
  endloop
endfacet
facet normal 0 0 1
  outer loop
    vertex 0.049999999999937 1.7 0
    vertex 0.075 1.7 0
    vertex 0.075 1.8 0
  endloop
endfacet
facet normal 0 0 1
  outer loop
    vertex 0.049999999999937 1.7 0
    vertex 0.075 1.8 0
    vertex 0.049999999999937 1.8 0
  endloop
endfacet
facet normal 0 0 1
  outer loop
    vertex 0.049999999999937 1.8 0
    vertex 0.075 1.8 0
    vertex 0.075 1.9 0
  endloop
endfacet
facet normal 0 0 1
  outer loop
    vertex 0.049999999999937 1.8 0
    vertex 0.075 1.9 0
    vertex 0.049999999999937 1.9 0
  endloop
endfacet
facet normal 0 0 1
  outer loop
    vertex 0.049999999999937 1.9 0
    vertex 0.075 1.9 0
    vertex 0.075 2 0
  endloop
endfacet
facet normal 0 0 1
  outer loop
    vertex 0.049999999999937 1.9 0
    vertex 0.075 2 0
    vertex 0.049999999999937 2 0
  endloop
endfacet
facet normal -1 0 0
  outer loop
    vertex 0.075 0 0
    vertex 0.075 0 0.008999999999999999
    vertex 0.075 0.1 0.008999999999999999
  endloop
endfacet
facet normal -1 0 0
  outer loop
    vertex 0.075 0 0
    vertex 0.075 0.1 0.008999999999999999
    vertex 0.075 0.1 0
  endloop
endfacet
facet normal -1 0 0
  outer loop
    vertex 0.075 0.1 0
    vertex 0.075 0.1 0.008999999999999999
    vertex 0.075 0.2 0.008999999999999999
  endloop
endfacet
facet normal -1 0 0
  outer loop
    vertex 0.075 0.1 0
    vertex 0.075 0.2 0.008999999999999999
    vertex 0.075 0.2 0
  endloop
endfacet
facet normal -1 0 0
  outer loop
    vertex 0.075 0.2 0
    vertex 0.075 0.2 0.008999999999999999
    vertex 0.075 0.3 0.008999999999999999
  endloop
endfacet
facet normal -1 0 0
  outer loop
    vertex 0.075 0.2 0
    vertex 0.075 0.3 0.008999999999999999
    vertex 0.075 0.3 0
  endloop
endfacet
facet normal -1 0 0
  outer loop
    vertex 0.075 0.3 0
    vertex 0.075 0.3 0.008999999999999999
    vertex 0.075 0.4 0.008999999999999999
  endloop
endfacet
facet normal -1 0 0
  outer loop
    vertex 0.075 0.3 0
    vertex 0.075 0.4 0.008999999999999999
    vertex 0.075 0.4 0
  endloop
endfacet
facet normal -1 0 0
  outer loop
    vertex 0.075 0.4 0
    vertex 0.075 0.4 0.008999999999999999
    vertex 0.075 0.5 0.008999999999999999
  endloop
endfacet
facet normal -1 0 0
  outer loop
    vertex 0.075 0.4 0
    vertex 0.075 0.5 0.008999999999999999
    vertex 0.075 0.5 0
  endloop
endfacet
facet normal -1 0 0
  outer loop
    vertex 0.075 0.5 0
    vertex 0.075 0.5 0.008999999999999999
    vertex 0.075 0.6 0.008999999999999999
  endloop
endfacet
facet normal -1 0 0
  outer loop
    vertex 0.075 0.5 0
    vertex 0.075 0.6 0.008999999999999999
    vertex 0.075 0.6 0
  endloop
endfacet
facet normal -1 0 0
  outer loop
    vertex 0.075 0.6 0
    vertex 0.075 0.6 0.008999999999999999
    vertex 0.075 0.7 0.008999999999999999
  endloop
endfacet
facet normal -1 0 0
  outer loop
    vertex 0.075 0.6 0
    vertex 0.075 0.7 0.008999999999999999
    vertex 0.075 0.7 0
  endloop
endfacet
facet normal -1 0 0
  outer loop
    vertex 0.075 0.7 0
    vertex 0.075 0.7 0.008999999999999999
    vertex 0.075 0.8 0.008999999999999999
  endloop
endfacet
facet normal -1 0 0
  outer loop
    vertex 0.075 0.7 0
    vertex 0.075 0.8 0.008999999999999999
    vertex 0.075 0.8 0
  endloop
endfacet
facet normal -1 0 0
  outer loop
    vertex 0.075 0.8 0
    vertex 0.075 0.8 0.008999999999999999
    vertex 0.075 0.9 0.008999999999999999
  endloop
endfacet
facet normal -1 0 0
  outer loop
    vertex 0.075 0.8 0
    vertex 0.075 0.9 0.008999999999999999
    vertex 0.075 0.9 0
  endloop
endfacet
facet normal -1 0 0
  outer loop
    vertex 0.075 0.9 0
    vertex 0.075 0.9 0.008999999999999999
    vertex 0.075 1 0.008999999999999999
  endloop
endfacet
facet normal -1 0 0
  outer loop
    vertex 0.075 0.9 0
    vertex 0.075 1 0.008999999999999999
    vertex 0.075 1 0
  endloop
endfacet
facet normal -1 0 0
  outer loop
    vertex 0.075 1 0
    vertex 0.075 1 0.008999999999999999
    vertex 0.075 1.1 0.008999999999999999
  endloop
endfacet
facet normal -1 0 0
  outer loop
    vertex 0.075 1 0
    vertex 0.075 1.1 0.008999999999999999
    vertex 0.075 1.1 0
  endloop
endfacet
facet normal -1 0 0
  outer loop
    vertex 0.075 1.1 0
    vertex 0.075 1.1 0.008999999999999999
    vertex 0.075 1.2 0.008999999999999999
  endloop
endfacet
facet normal -1 0 0
  outer loop
    vertex 0.075 1.1 0
    vertex 0.075 1.2 0.008999999999999999
    vertex 0.075 1.2 0
  endloop
endfacet
facet normal -1 0 0
  outer loop
    vertex 0.075 1.2 0
    vertex 0.075 1.2 0.008999999999999999
    vertex 0.075 1.3 0.008999999999999999
  endloop
endfacet
facet normal -1 0 0
  outer loop
    vertex 0.075 1.2 0
    vertex 0.075 1.3 0.008999999999999999
    vertex 0.075 1.3 0
  endloop
endfacet
facet normal -1 0 0
  outer loop
    vertex 0.075 1.3 0
    vertex 0.075 1.3 0.008999999999999999
    vertex 0.075 1.4 0.008999999999999999
  endloop
endfacet
facet normal -1 0 0
  outer loop
    vertex 0.075 1.3 0
    vertex 0.075 1.4 0.008999999999999999
    vertex 0.075 1.4 0
  endloop
endfacet
facet normal -1 0 0
  outer loop
    vertex 0.075 1.4 0
    vertex 0.075 1.4 0.008999999999999999
    vertex 0.075 1.5 0.008999999999999999
  endloop
endfacet
facet normal -1 0 0
  outer loop
    vertex 0.075 1.4 0
    vertex 0.075 1.5 0.008999999999999999
    vertex 0.075 1.5 0
  endloop
endfacet
facet normal -1 0 0
  outer loop
    vertex 0.075 1.5 0
    vertex 0.075 1.5 0.008999999999999999
    vertex 0.075 1.6 0.008999999999999999
  endloop
endfacet
facet normal -1 0 0
  outer loop
    vertex 0.075 1.5 0
    vertex 0.075 1.6 0.008999999999999999
    vertex 0.075 1.6 0
  endloop
endfacet
facet normal -1 0 0
  outer loop
    vertex 0.075 1.6 0
    vertex 0.075 1.6 0.008999999999999999
    vertex 0.075 1.7 0.008999999999999999
  endloop
endfacet
facet normal -1 0 0
  outer loop
    vertex 0.075 1.6 0
    vertex 0.075 1.7 0.008999999999999999
    vertex 0.075 1.7 0
  endloop
endfacet
facet normal -1 0 0
  outer loop
    vertex 0.075 1.7 0
    vertex 0.075 1.7 0.008999999999999999
    vertex 0.075 1.8 0.008999999999999999
  endloop
endfacet
facet normal -1 0 0
  outer loop
    vertex 0.075 1.7 0
    vertex 0.075 1.8 0.008999999999999999
    vertex 0.075 1.8 0
  endloop
endfacet
facet normal -1 0 0
  outer loop
    vertex 0.075 1.8 0
    vertex 0.075 1.8 0.008999999999999999
    vertex 0.075 1.9 0.008999999999999999
  endloop
endfacet
facet normal -1 0 0
  outer loop
    vertex 0.075 1.8 0
    vertex 0.075 1.9 0.008999999999999999
    vertex 0.075 1.9 0
  endloop
endfacet
facet normal -1 0 0
  outer loop
    vertex 0.075 1.9 0
    vertex 0.075 1.9 0.008999999999999999
    vertex 0.075 2 0.008999999999999999
  endloop
endfacet
facet normal -1 0 0
  outer loop
    vertex 0.075 1.9 0
    vertex 0.075 2 0.008999999999999999
    vertex 0.075 2 0
  endloop
endfacet
facet normal 0 0 -1
  outer loop
    vertex 0.075 0 0.008999999999999999
    vertex 0.05190000000006277 0 0.008999999999999999
    vertex 0.05190000000006277 0.1 0.008999999999999999
  endloop
endfacet
facet normal 0 0 -1
  outer loop
    vertex 0.075 0 0.008999999999999999
    vertex 0.05190000000006277 0.1 0.008999999999999999
    vertex 0.075 0.1 0.008999999999999999
  endloop
endfacet
facet normal 0 0 -1
  outer loop
    vertex 0.075 0.1 0.008999999999999999
    vertex 0.05190000000006277 0.1 0.008999999999999999
    vertex 0.05190000000006277 0.2 0.008999999999999999
  endloop
endfacet
facet normal 0 0 -1
  outer loop
    vertex 0.075 0.1 0.008999999999999999
    vertex 0.05190000000006277 0.2 0.008999999999999999
    vertex 0.075 0.2 0.008999999999999999
  endloop
endfacet
facet normal 0 0 -1
  outer loop
    vertex 0.075 0.2 0.008999999999999999
    vertex 0.05190000000006277 0.2 0.008999999999999999
    vertex 0.05190000000006277 0.3 0.008999999999999999
  endloop
endfacet
facet normal 0 0 -1
  outer loop
    vertex 0.075 0.2 0.008999999999999999
    vertex 0.05190000000006277 0.3 0.008999999999999999
    vertex 0.075 0.3 0.008999999999999999
  endloop
endfacet
facet normal 0 0 -1
  outer loop
    vertex 0.075 0.3 0.008999999999999999
    vertex 0.05190000000006277 0.3 0.008999999999999999
    vertex 0.05190000000006277 0.4 0.008999999999999999
  endloop
endfacet
facet normal 0 0 -1
  outer loop
    vertex 0.075 0.3 0.008999999999999999
    vertex 0.05190000000006277 0.4 0.008999999999999999
    vertex 0.075 0.4 0.008999999999999999
  endloop
endfacet
facet normal 0 0 -1
  outer loop
    vertex 0.075 0.4 0.008999999999999999
    vertex 0.05190000000006277 0.4 0.008999999999999999
    vertex 0.05190000000006277 0.5 0.008999999999999999
  endloop
endfacet
facet normal 0 0 -1
  outer loop
    vertex 0.075 0.4 0.008999999999999999
    vertex 0.05190000000006277 0.5 0.008999999999999999
    vertex 0.075 0.5 0.008999999999999999
  endloop
endfacet
facet normal 0 0 -1
  outer loop
    vertex 0.075 0.5 0.008999999999999999
    vertex 0.05190000000006277 0.5 0.008999999999999999
    vertex 0.05190000000006277 0.6 0.008999999999999999
  endloop
endfacet
facet normal 0 0 -1
  outer loop
    vertex 0.075 0.5 0.008999999999999999
    vertex 0.05190000000006277 0.6 0.008999999999999999
    vertex 0.075 0.6 0.008999999999999999
  endloop
endfacet
facet normal 0 0 -1
  outer loop
    vertex 0.075 0.6 0.008999999999999999
    vertex 0.05190000000006277 0.6 0.008999999999999999
    vertex 0.05190000000006277 0.7 0.008999999999999999
  endloop
endfacet
facet normal 0 0 -1
  outer loop
    vertex 0.075 0.6 0.008999999999999999
    vertex 0.05190000000006277 0.7 0.008999999999999999
    vertex 0.075 0.7 0.008999999999999999
  endloop
endfacet
facet normal 0 0 -1
  outer loop
    vertex 0.075 0.7 0.008999999999999999
    vertex 0.05190000000006277 0.7 0.008999999999999999
    vertex 0.05190000000006277 0.8 0.008999999999999999
  endloop
endfacet
facet normal 0 0 -1
  outer loop
    vertex 0.075 0.7 0.008999999999999999
    vertex 0.05190000000006277 0.8 0.008999999999999999
    vertex 0.075 0.8 0.008999999999999999
  endloop
endfacet
facet normal 0 0 -1
  outer loop
    vertex 0.075 0.8 0.008999999999999999
    vertex 0.05190000000006277 0.8 0.008999999999999999
    vertex 0.05190000000006277 0.9 0.008999999999999999
  endloop
endfacet
facet normal 0 0 -1
  outer loop
    vertex 0.075 0.8 0.008999999999999999
    vertex 0.05190000000006277 0.9 0.008999999999999999
    vertex 0.075 0.9 0.008999999999999999
  endloop
endfacet
facet normal 0 0 -1
  outer loop
    vertex 0.075 0.9 0.008999999999999999
    vertex 0.05190000000006277 0.9 0.008999999999999999
    vertex 0.05190000000006277 1 0.008999999999999999
  endloop
endfacet
facet normal 0 0 -1
  outer loop
    vertex 0.075 0.9 0.008999999999999999
    vertex 0.05190000000006277 1 0.008999999999999999
    vertex 0.075 1 0.008999999999999999
  endloop
endfacet
facet normal 0 0 -1
  outer loop
    vertex 0.075 1 0.008999999999999999
    vertex 0.05190000000006277 1 0.008999999999999999
    vertex 0.05190000000006277 1.1 0.008999999999999999
  endloop
endfacet
facet normal 0 0 -1
  outer loop
    vertex 0.075 1 0.008999999999999999
    vertex 0.05190000000006277 1.1 0.008999999999999999
    vertex 0.075 1.1 0.008999999999999999
  endloop
endfacet
facet normal 0 0 -1
  outer loop
    vertex 0.075 1.1 0.008999999999999999
    vertex 0.05190000000006277 1.1 0.008999999999999999
    vertex 0.05190000000006277 1.2 0.008999999999999999
  endloop
endfacet
facet normal 0 0 -1
  outer loop
    vertex 0.075 1.1 0.008999999999999999
    vertex 0.05190000000006277 1.2 0.008999999999999999
    vertex 0.075 1.2 0.008999999999999999
  endloop
endfacet
facet normal 0 0 -1
  outer loop
    vertex 0.075 1.2 0.008999999999999999
    vertex 0.05190000000006277 1.2 0.008999999999999999
    vertex 0.05190000000006277 1.3 0.008999999999999999
  endloop
endfacet
facet normal 0 0 -1
  outer loop
    vertex 0.075 1.2 0.008999999999999999
    vertex 0.05190000000006277 1.3 0.008999999999999999
    vertex 0.075 1.3 0.008999999999999999
  endloop
endfacet
facet normal 0 0 -1
  outer loop
    vertex 0.075 1.3 0.008999999999999999
    vertex 0.05190000000006277 1.3 0.008999999999999999
    vertex 0.05190000000006277 1.4 0.008999999999999999
  endloop
endfacet
facet normal 0 0 -1
  outer loop
    vertex 0.075 1.3 0.008999999999999999
    vertex 0.05190000000006277 1.4 0.008999999999999999
    vertex 0.075 1.4 0.008999999999999999
  endloop
endfacet
facet normal 0 0 -1
  outer loop
    vertex 0.075 1.4 0.008999999999999999
    vertex 0.05190000000006277 1.4 0.008999999999999999
    vertex 0.05190000000006277 1.5 0.008999999999999999
  endloop
endfacet
facet normal 0 0 -1
  outer loop
    vertex 0.075 1.4 0.008999999999999999
    vertex 0.05190000000006277 1.5 0.008999999999999999
    vertex 0.075 1.5 0.008999999999999999
  endloop
endfacet
facet normal 0 0 -1
  outer loop
    vertex 0.075 1.5 0.008999999999999999
    vertex 0.05190000000006277 1.5 0.008999999999999999
    vertex 0.05190000000006277 1.6 0.008999999999999999
  endloop
endfacet
facet normal 0 0 -1
  outer loop
    vertex 0.075 1.5 0.008999999999999999
    vertex 0.05190000000006277 1.6 0.008999999999999999
    vertex 0.075 1.6 0.008999999999999999
  endloop
endfacet
facet normal 0 0 -1
  outer loop
    vertex 0.075 1.6 0.008999999999999999
    vertex 0.05190000000006277 1.6 0.008999999999999999
    vertex 0.05190000000006277 1.7 0.008999999999999999
  endloop
endfacet
facet normal 0 0 -1
  outer loop
    vertex 0.075 1.6 0.008999999999999999
    vertex 0.05190000000006277 1.7 0.008999999999999999
    vertex 0.075 1.7 0.008999999999999999
  endloop
endfacet
facet normal 0 0 -1
  outer loop
    vertex 0.075 1.7 0.008999999999999999
    vertex 0.05190000000006277 1.7 0.008999999999999999
    vertex 0.05190000000006277 1.8 0.008999999999999999
  endloop
endfacet
facet normal 0 0 -1
  outer loop
    vertex 0.075 1.7 0.008999999999999999
    vertex 0.05190000000006277 1.8 0.008999999999999999
    vertex 0.075 1.8 0.008999999999999999
  endloop
endfacet
facet normal 0 0 -1
  outer loop
    vertex 0.075 1.8 0.008999999999999999
    vertex 0.05190000000006277 1.8 0.008999999999999999
    vertex 0.05190000000006277 1.9 0.008999999999999999
  endloop
endfacet
facet normal 0 0 -1
  outer loop
    vertex 0.075 1.8 0.008999999999999999
    vertex 0.05190000000006277 1.9 0.008999999999999999
    vertex 0.075 1.9 0.008999999999999999
  endloop
endfacet
facet normal 0 0 -1
  outer loop
    vertex 0.075 1.9 0.008999999999999999
    vertex 0.05190000000006277 1.9 0.008999999999999999
    vertex 0.05190000000006277 2 0.008999999999999999
  endloop
endfacet
facet normal 0 0 -1
  outer loop
    vertex 0.075 1.9 0.008999999999999999
    vertex 0.05190000000006277 2 0.008999999999999999
    vertex 0.075 2 0.008999999999999999
  endloop
endfacet
facet normal 0 0 -1
  outer loop
    vertex 0.05190000000006277 0 0.008999999999999999
    vertex 0.02880000000006591 0 0.008999999999999999
    vertex 0.02880000000006591 0.1 0.008999999999999999
  endloop
endfacet
facet normal 0 0 -1
  outer loop
    vertex 0.05190000000006277 0 0.008999999999999999
    vertex 0.02880000000006591 0.1 0.008999999999999999
    vertex 0.05190000000006277 0.1 0.008999999999999999
  endloop
endfacet
facet normal 0 0 -1
  outer loop
    vertex 0.05190000000006277 0.1 0.008999999999999999
    vertex 0.02880000000006591 0.1 0.008999999999999999
    vertex 0.02880000000006591 0.2 0.008999999999999999
  endloop
endfacet
facet normal 0 0 -1
  outer loop
    vertex 0.05190000000006277 0.1 0.008999999999999999
    vertex 0.02880000000006591 0.2 0.008999999999999999
    vertex 0.05190000000006277 0.2 0.008999999999999999
  endloop
endfacet
facet normal 0 0 -1
  outer loop
    vertex 0.05190000000006277 0.2 0.008999999999999999
    vertex 0.02880000000006591 0.2 0.008999999999999999
    vertex 0.02880000000006591 0.3 0.008999999999999999
  endloop
endfacet
facet normal 0 0 -1
  outer loop
    vertex 0.05190000000006277 0.2 0.008999999999999999
    vertex 0.02880000000006591 0.3 0.008999999999999999
    vertex 0.05190000000006277 0.3 0.008999999999999999
  endloop
endfacet
facet normal 0 0 -1
  outer loop
    vertex 0.05190000000006277 0.3 0.008999999999999999
    vertex 0.02880000000006591 0.3 0.008999999999999999
    vertex 0.02880000000006591 0.4 0.008999999999999999
  endloop
endfacet
facet normal 0 0 -1
  outer loop
    vertex 0.05190000000006277 0.3 0.008999999999999999
    vertex 0.02880000000006591 0.4 0.008999999999999999
    vertex 0.05190000000006277 0.4 0.008999999999999999
  endloop
endfacet
facet normal 0 0 -1
  outer loop
    vertex 0.05190000000006277 0.4 0.008999999999999999
    vertex 0.02880000000006591 0.4 0.008999999999999999
    vertex 0.02880000000006591 0.5 0.008999999999999999
  endloop
endfacet
facet normal 0 0 -1
  outer loop
    vertex 0.05190000000006277 0.4 0.008999999999999999
    vertex 0.02880000000006591 0.5 0.008999999999999999
    vertex 0.05190000000006277 0.5 0.008999999999999999
  endloop
endfacet
facet normal 0 0 -1
  outer loop
    vertex 0.05190000000006277 0.5 0.008999999999999999
    vertex 0.02880000000006591 0.5 0.008999999999999999
    vertex 0.02880000000006591 0.6 0.008999999999999999
  endloop
endfacet
facet normal 0 0 -1
  outer loop
    vertex 0.05190000000006277 0.5 0.008999999999999999
    vertex 0.02880000000006591 0.6 0.008999999999999999
    vertex 0.05190000000006277 0.6 0.008999999999999999
  endloop
endfacet
facet normal 0 0 -1
  outer loop
    vertex 0.05190000000006277 0.6 0.008999999999999999
    vertex 0.02880000000006591 0.6 0.008999999999999999
    vertex 0.02880000000006591 0.7 0.008999999999999999
  endloop
endfacet
facet normal 0 0 -1
  outer loop
    vertex 0.05190000000006277 0.6 0.008999999999999999
    vertex 0.02880000000006591 0.7 0.008999999999999999
    vertex 0.05190000000006277 0.7 0.008999999999999999
  endloop
endfacet
facet normal 0 0 -1
  outer loop
    vertex 0.05190000000006277 0.7 0.008999999999999999
    vertex 0.02880000000006591 0.7 0.008999999999999999
    vertex 0.02880000000006591 0.8 0.008999999999999999
  endloop
endfacet
facet normal 0 0 -1
  outer loop
    vertex 0.05190000000006277 0.7 0.008999999999999999
    vertex 0.02880000000006591 0.8 0.008999999999999999
    vertex 0.05190000000006277 0.8 0.008999999999999999
  endloop
endfacet
facet normal 0 0 -1
  outer loop
    vertex 0.05190000000006277 0.8 0.008999999999999999
    vertex 0.02880000000006591 0.8 0.008999999999999999
    vertex 0.02880000000006591 0.9 0.008999999999999999
  endloop
endfacet
facet normal 0 0 -1
  outer loop
    vertex 0.05190000000006277 0.8 0.008999999999999999
    vertex 0.02880000000006591 0.9 0.008999999999999999
    vertex 0.05190000000006277 0.9 0.008999999999999999
  endloop
endfacet
facet normal 0 0 -1
  outer loop
    vertex 0.05190000000006277 0.9 0.008999999999999999
    vertex 0.02880000000006591 0.9 0.008999999999999999
    vertex 0.02880000000006591 1 0.008999999999999999
  endloop
endfacet
facet normal 0 0 -1
  outer loop
    vertex 0.05190000000006277 0.9 0.008999999999999999
    vertex 0.02880000000006591 1 0.008999999999999999
    vertex 0.05190000000006277 1 0.008999999999999999
  endloop
endfacet
facet normal 0 0 -1
  outer loop
    vertex 0.05190000000006277 1 0.008999999999999999
    vertex 0.02880000000006591 1 0.008999999999999999
    vertex 0.02880000000006591 1.1 0.008999999999999999
  endloop
endfacet
facet normal 0 0 -1
  outer loop
    vertex 0.05190000000006277 1 0.008999999999999999
    vertex 0.02880000000006591 1.1 0.008999999999999999
    vertex 0.05190000000006277 1.1 0.008999999999999999
  endloop
endfacet
facet normal 0 0 -1
  outer loop
    vertex 0.05190000000006277 1.1 0.008999999999999999
    vertex 0.02880000000006591 1.1 0.008999999999999999
    vertex 0.02880000000006591 1.2 0.008999999999999999
  endloop
endfacet
facet normal 0 0 -1
  outer loop
    vertex 0.05190000000006277 1.1 0.008999999999999999
    vertex 0.02880000000006591 1.2 0.008999999999999999
    vertex 0.05190000000006277 1.2 0.008999999999999999
  endloop
endfacet
facet normal 0 0 -1
  outer loop
    vertex 0.05190000000006277 1.2 0.008999999999999999
    vertex 0.02880000000006591 1.2 0.008999999999999999
    vertex 0.02880000000006591 1.3 0.008999999999999999
  endloop
endfacet
facet normal 0 0 -1
  outer loop
    vertex 0.05190000000006277 1.2 0.008999999999999999
    vertex 0.02880000000006591 1.3 0.008999999999999999
    vertex 0.05190000000006277 1.3 0.008999999999999999
  endloop
endfacet
facet normal 0 0 -1
  outer loop
    vertex 0.05190000000006277 1.3 0.008999999999999999
    vertex 0.02880000000006591 1.3 0.008999999999999999
    vertex 0.02880000000006591 1.4 0.008999999999999999
  endloop
endfacet
facet normal 0 0 -1
  outer loop
    vertex 0.05190000000006277 1.3 0.008999999999999999
    vertex 0.02880000000006591 1.4 0.008999999999999999
    vertex 0.05190000000006277 1.4 0.008999999999999999
  endloop
endfacet
facet normal 0 0 -1
  outer loop
    vertex 0.05190000000006277 1.4 0.008999999999999999
    vertex 0.02880000000006591 1.4 0.008999999999999999
    vertex 0.02880000000006591 1.5 0.008999999999999999
  endloop
endfacet
facet normal 0 0 -1
  outer loop
    vertex 0.05190000000006277 1.4 0.008999999999999999
    vertex 0.02880000000006591 1.5 0.008999999999999999
    vertex 0.05190000000006277 1.5 0.008999999999999999
  endloop
endfacet
facet normal 0 0 -1
  outer loop
    vertex 0.05190000000006277 1.5 0.008999999999999999
    vertex 0.02880000000006591 1.5 0.008999999999999999
    vertex 0.02880000000006591 1.6 0.008999999999999999
  endloop
endfacet
facet normal 0 0 -1
  outer loop
    vertex 0.05190000000006277 1.5 0.008999999999999999
    vertex 0.02880000000006591 1.6 0.008999999999999999
    vertex 0.05190000000006277 1.6 0.008999999999999999
  endloop
endfacet
facet normal 0 0 -1
  outer loop
    vertex 0.05190000000006277 1.6 0.008999999999999999
    vertex 0.02880000000006591 1.6 0.008999999999999999
    vertex 0.02880000000006591 1.7 0.008999999999999999
  endloop
endfacet
facet normal 0 0 -1
  outer loop
    vertex 0.05190000000006277 1.6 0.008999999999999999
    vertex 0.02880000000006591 1.7 0.008999999999999999
    vertex 0.05190000000006277 1.7 0.008999999999999999
  endloop
endfacet
facet normal 0 0 -1
  outer loop
    vertex 0.05190000000006277 1.7 0.008999999999999999
    vertex 0.02880000000006591 1.7 0.008999999999999999
    vertex 0.02880000000006591 1.8 0.008999999999999999
  endloop
endfacet
facet normal 0 0 -1
  outer loop
    vertex 0.05190000000006277 1.7 0.008999999999999999
    vertex 0.02880000000006591 1.8 0.008999999999999999
    vertex 0.05190000000006277 1.8 0.008999999999999999
  endloop
endfacet
facet normal 0 0 -1
  outer loop
    vertex 0.05190000000006277 1.8 0.008999999999999999
    vertex 0.02880000000006591 1.8 0.008999999999999999
    vertex 0.02880000000006591 1.9 0.008999999999999999
  endloop
endfacet
facet normal 0 0 -1
  outer loop
    vertex 0.05190000000006277 1.8 0.008999999999999999
    vertex 0.02880000000006591 1.9 0.008999999999999999
    vertex 0.05190000000006277 1.9 0.008999999999999999
  endloop
endfacet
facet normal 0 0 -1
  outer loop
    vertex 0.05190000000006277 1.9 0.008999999999999999
    vertex 0.02880000000006591 1.9 0.008999999999999999
    vertex 0.02880000000006591 2 0.008999999999999999
  endloop
endfacet
facet normal 0 0 -1
  outer loop
    vertex 0.05190000000006277 1.9 0.008999999999999999
    vertex 0.02880000000006591 2 0.008999999999999999
    vertex 0.05190000000006277 2 0.008999999999999999
  endloop
endfacet
facet normal 0 0 -1
  outer loop
    vertex 0.02880000000006591 0 0.008999999999999999
    vertex 0.0057 0 0.008999999999999999
    vertex 0.0057 0.1 0.008999999999999999
  endloop
endfacet
facet normal 0 0 -1
  outer loop
    vertex 0.02880000000006591 0 0.008999999999999999
    vertex 0.0057 0.1 0.008999999999999999
    vertex 0.02880000000006591 0.1 0.008999999999999999
  endloop
endfacet
facet normal 0 0 -1
  outer loop
    vertex 0.02880000000006591 0.1 0.008999999999999999
    vertex 0.0057 0.1 0.008999999999999999
    vertex 0.0057 0.2 0.008999999999999999
  endloop
endfacet
facet normal 0 0 -1
  outer loop
    vertex 0.02880000000006591 0.1 0.008999999999999999
    vertex 0.0057 0.2 0.008999999999999999
    vertex 0.02880000000006591 0.2 0.008999999999999999
  endloop
endfacet
facet normal 0 0 -1
  outer loop
    vertex 0.02880000000006591 0.2 0.008999999999999999
    vertex 0.0057 0.2 0.008999999999999999
    vertex 0.0057 0.3 0.008999999999999999
  endloop
endfacet
facet normal 0 0 -1
  outer loop
    vertex 0.02880000000006591 0.2 0.008999999999999999
    vertex 0.0057 0.3 0.008999999999999999
    vertex 0.02880000000006591 0.3 0.008999999999999999
  endloop
endfacet
facet normal 0 0 -1
  outer loop
    vertex 0.02880000000006591 0.3 0.008999999999999999
    vertex 0.0057 0.3 0.008999999999999999
    vertex 0.0057 0.4 0.008999999999999999
  endloop
endfacet
facet normal 0 0 -1
  outer loop
    vertex 0.02880000000006591 0.3 0.008999999999999999
    vertex 0.0057 0.4 0.008999999999999999
    vertex 0.02880000000006591 0.4 0.008999999999999999
  endloop
endfacet
facet normal 0 0 -1
  outer loop
    vertex 0.02880000000006591 0.4 0.008999999999999999
    vertex 0.0057 0.4 0.008999999999999999
    vertex 0.0057 0.5 0.008999999999999999
  endloop
endfacet
facet normal 0 0 -1
  outer loop
    vertex 0.02880000000006591 0.4 0.008999999999999999
    vertex 0.0057 0.5 0.008999999999999999
    vertex 0.02880000000006591 0.5 0.008999999999999999
  endloop
endfacet
facet normal 0 0 -1
  outer loop
    vertex 0.02880000000006591 0.5 0.008999999999999999
    vertex 0.0057 0.5 0.008999999999999999
    vertex 0.0057 0.6 0.008999999999999999
  endloop
endfacet
facet normal 0 0 -1
  outer loop
    vertex 0.02880000000006591 0.5 0.008999999999999999
    vertex 0.0057 0.6 0.008999999999999999
    vertex 0.02880000000006591 0.6 0.008999999999999999
  endloop
endfacet
facet normal 0 0 -1
  outer loop
    vertex 0.02880000000006591 0.6 0.008999999999999999
    vertex 0.0057 0.6 0.008999999999999999
    vertex 0.0057 0.7 0.008999999999999999
  endloop
endfacet
facet normal 0 0 -1
  outer loop
    vertex 0.02880000000006591 0.6 0.008999999999999999
    vertex 0.0057 0.7 0.008999999999999999
    vertex 0.02880000000006591 0.7 0.008999999999999999
  endloop
endfacet
facet normal 0 0 -1
  outer loop
    vertex 0.02880000000006591 0.7 0.008999999999999999
    vertex 0.0057 0.7 0.008999999999999999
    vertex 0.0057 0.8 0.008999999999999999
  endloop
endfacet
facet normal 0 0 -1
  outer loop
    vertex 0.02880000000006591 0.7 0.008999999999999999
    vertex 0.0057 0.8 0.008999999999999999
    vertex 0.02880000000006591 0.8 0.008999999999999999
  endloop
endfacet
facet normal 0 0 -1
  outer loop
    vertex 0.02880000000006591 0.8 0.008999999999999999
    vertex 0.0057 0.8 0.008999999999999999
    vertex 0.0057 0.9 0.008999999999999999
  endloop
endfacet
facet normal 0 0 -1
  outer loop
    vertex 0.02880000000006591 0.8 0.008999999999999999
    vertex 0.0057 0.9 0.008999999999999999
    vertex 0.02880000000006591 0.9 0.008999999999999999
  endloop
endfacet
facet normal 0 0 -1
  outer loop
    vertex 0.02880000000006591 0.9 0.008999999999999999
    vertex 0.0057 0.9 0.008999999999999999
    vertex 0.0057 1 0.008999999999999999
  endloop
endfacet
facet normal 0 0 -1
  outer loop
    vertex 0.02880000000006591 0.9 0.008999999999999999
    vertex 0.0057 1 0.008999999999999999
    vertex 0.02880000000006591 1 0.008999999999999999
  endloop
endfacet
facet normal 0 0 -1
  outer loop
    vertex 0.02880000000006591 1 0.008999999999999999
    vertex 0.0057 1 0.008999999999999999
    vertex 0.0057 1.1 0.008999999999999999
  endloop
endfacet
facet normal 0 0 -1
  outer loop
    vertex 0.02880000000006591 1 0.008999999999999999
    vertex 0.0057 1.1 0.008999999999999999
    vertex 0.02880000000006591 1.1 0.008999999999999999
  endloop
endfacet
facet normal 0 0 -1
  outer loop
    vertex 0.02880000000006591 1.1 0.008999999999999999
    vertex 0.0057 1.1 0.008999999999999999
    vertex 0.0057 1.2 0.008999999999999999
  endloop
endfacet
facet normal 0 0 -1
  outer loop
    vertex 0.02880000000006591 1.1 0.008999999999999999
    vertex 0.0057 1.2 0.008999999999999999
    vertex 0.02880000000006591 1.2 0.008999999999999999
  endloop
endfacet
facet normal 0 0 -1
  outer loop
    vertex 0.02880000000006591 1.2 0.008999999999999999
    vertex 0.0057 1.2 0.008999999999999999
    vertex 0.0057 1.3 0.008999999999999999
  endloop
endfacet
facet normal 0 0 -1
  outer loop
    vertex 0.02880000000006591 1.2 0.008999999999999999
    vertex 0.0057 1.3 0.008999999999999999
    vertex 0.02880000000006591 1.3 0.008999999999999999
  endloop
endfacet
facet normal 0 0 -1
  outer loop
    vertex 0.02880000000006591 1.3 0.008999999999999999
    vertex 0.0057 1.3 0.008999999999999999
    vertex 0.0057 1.4 0.008999999999999999
  endloop
endfacet
facet normal 0 0 -1
  outer loop
    vertex 0.02880000000006591 1.3 0.008999999999999999
    vertex 0.0057 1.4 0.008999999999999999
    vertex 0.02880000000006591 1.4 0.008999999999999999
  endloop
endfacet
facet normal 0 0 -1
  outer loop
    vertex 0.02880000000006591 1.4 0.008999999999999999
    vertex 0.0057 1.4 0.008999999999999999
    vertex 0.0057 1.5 0.008999999999999999
  endloop
endfacet
facet normal 0 0 -1
  outer loop
    vertex 0.02880000000006591 1.4 0.008999999999999999
    vertex 0.0057 1.5 0.008999999999999999
    vertex 0.02880000000006591 1.5 0.008999999999999999
  endloop
endfacet
facet normal 0 0 -1
  outer loop
    vertex 0.02880000000006591 1.5 0.008999999999999999
    vertex 0.0057 1.5 0.008999999999999999
    vertex 0.0057 1.6 0.008999999999999999
  endloop
endfacet
facet normal 0 0 -1
  outer loop
    vertex 0.02880000000006591 1.5 0.008999999999999999
    vertex 0.0057 1.6 0.008999999999999999
    vertex 0.02880000000006591 1.6 0.008999999999999999
  endloop
endfacet
facet normal 0 0 -1
  outer loop
    vertex 0.02880000000006591 1.6 0.008999999999999999
    vertex 0.0057 1.6 0.008999999999999999
    vertex 0.0057 1.7 0.008999999999999999
  endloop
endfacet
facet normal 0 0 -1
  outer loop
    vertex 0.02880000000006591 1.6 0.008999999999999999
    vertex 0.0057 1.7 0.008999999999999999
    vertex 0.02880000000006591 1.7 0.008999999999999999
  endloop
endfacet
facet normal 0 0 -1
  outer loop
    vertex 0.02880000000006591 1.7 0.008999999999999999
    vertex 0.0057 1.7 0.008999999999999999
    vertex 0.0057 1.8 0.008999999999999999
  endloop
endfacet
facet normal 0 0 -1
  outer loop
    vertex 0.02880000000006591 1.7 0.008999999999999999
    vertex 0.0057 1.8 0.008999999999999999
    vertex 0.02880000000006591 1.8 0.008999999999999999
  endloop
endfacet
facet normal 0 0 -1
  outer loop
    vertex 0.02880000000006591 1.8 0.008999999999999999
    vertex 0.0057 1.8 0.008999999999999999
    vertex 0.0057 1.9 0.008999999999999999
  endloop
endfacet
facet normal 0 0 -1
  outer loop
    vertex 0.02880000000006591 1.8 0.008999999999999999
    vertex 0.0057 1.9 0.008999999999999999
    vertex 0.02880000000006591 1.9 0.008999999999999999
  endloop
endfacet
facet normal 0 0 -1
  outer loop
    vertex 0.02880000000006591 1.9 0.008999999999999999
    vertex 0.0057 1.9 0.008999999999999999
    vertex 0.0057 2 0.008999999999999999
  endloop
endfacet
facet normal 0 0 -1
  outer loop
    vertex 0.02880000000006591 1.9 0.008999999999999999
    vertex 0.0057 2 0.008999999999999999
    vertex 0.02880000000006591 2 0.008999999999999999
  endloop
endfacet
facet normal -1 0 0
  outer loop
    vertex 0.0057 0 0.008999999999999999
    vertex 0.0057 0 0.03099999999995512
    vertex 0.0057 0.1 0.03099999999995512
  endloop
endfacet
facet normal -1 0 0
  outer loop
    vertex 0.0057 0 0.008999999999999999
    vertex 0.0057 0.1 0.03099999999995512
    vertex 0.0057 0.1 0.008999999999999999
  endloop
endfacet
facet normal -1 0 0
  outer loop
    vertex 0.0057 0.1 0.008999999999999999
    vertex 0.0057 0.1 0.03099999999995512
    vertex 0.0057 0.2 0.03099999999995512
  endloop
endfacet
facet normal -1 0 0
  outer loop
    vertex 0.0057 0.1 0.008999999999999999
    vertex 0.0057 0.2 0.03099999999995512
    vertex 0.0057 0.2 0.008999999999999999
  endloop
endfacet
facet normal -1 0 0
  outer loop
    vertex 0.0057 0.2 0.008999999999999999
    vertex 0.0057 0.2 0.03099999999995512
    vertex 0.0057 0.3 0.03099999999995512
  endloop
endfacet
facet normal -1 0 0
  outer loop
    vertex 0.0057 0.2 0.008999999999999999
    vertex 0.0057 0.3 0.03099999999995512
    vertex 0.0057 0.3 0.008999999999999999
  endloop
endfacet
facet normal -1 0 0
  outer loop
    vertex 0.0057 0.3 0.008999999999999999
    vertex 0.0057 0.3 0.03099999999995512
    vertex 0.0057 0.4 0.03099999999995512
  endloop
endfacet
facet normal -1 0 0
  outer loop
    vertex 0.0057 0.3 0.008999999999999999
    vertex 0.0057 0.4 0.03099999999995512
    vertex 0.0057 0.4 0.008999999999999999
  endloop
endfacet
facet normal -1 0 0
  outer loop
    vertex 0.0057 0.4 0.008999999999999999
    vertex 0.0057 0.4 0.03099999999995512
    vertex 0.0057 0.5 0.03099999999995512
  endloop
endfacet
facet normal -1 0 0
  outer loop
    vertex 0.0057 0.4 0.008999999999999999
    vertex 0.0057 0.5 0.03099999999995512
    vertex 0.0057 0.5 0.008999999999999999
  endloop
endfacet
facet normal -1 0 0
  outer loop
    vertex 0.0057 0.5 0.008999999999999999
    vertex 0.0057 0.5 0.03099999999995512
    vertex 0.0057 0.6 0.03099999999995512
  endloop
endfacet
facet normal -1 0 0
  outer loop
    vertex 0.0057 0.5 0.008999999999999999
    vertex 0.0057 0.6 0.03099999999995512
    vertex 0.0057 0.6 0.008999999999999999
  endloop
endfacet
facet normal -1 0 0
  outer loop
    vertex 0.0057 0.6 0.008999999999999999
    vertex 0.0057 0.6 0.03099999999995512
    vertex 0.0057 0.7 0.03099999999995512
  endloop
endfacet
facet normal -1 0 0
  outer loop
    vertex 0.0057 0.6 0.008999999999999999
    vertex 0.0057 0.7 0.03099999999995512
    vertex 0.0057 0.7 0.008999999999999999
  endloop
endfacet
facet normal -1 0 0
  outer loop
    vertex 0.0057 0.7 0.008999999999999999
    vertex 0.0057 0.7 0.03099999999995512
    vertex 0.0057 0.8 0.03099999999995512
  endloop
endfacet
facet normal -1 0 0
  outer loop
    vertex 0.0057 0.7 0.008999999999999999
    vertex 0.0057 0.8 0.03099999999995512
    vertex 0.0057 0.8 0.008999999999999999
  endloop
endfacet
facet normal -1 0 0
  outer loop
    vertex 0.0057 0.8 0.008999999999999999
    vertex 0.0057 0.8 0.03099999999995512
    vertex 0.0057 0.9 0.03099999999995512
  endloop
endfacet
facet normal -1 0 0
  outer loop
    vertex 0.0057 0.8 0.008999999999999999
    vertex 0.0057 0.9 0.03099999999995512
    vertex 0.0057 0.9 0.008999999999999999
  endloop
endfacet
facet normal -1 0 0
  outer loop
    vertex 0.0057 0.9 0.008999999999999999
    vertex 0.0057 0.9 0.03099999999995512
    vertex 0.0057 1 0.03099999999995512
  endloop
endfacet
facet normal -1 0 0
  outer loop
    vertex 0.0057 0.9 0.008999999999999999
    vertex 0.0057 1 0.03099999999995512
    vertex 0.0057 1 0.008999999999999999
  endloop
endfacet
facet normal -1 0 0
  outer loop
    vertex 0.0057 1 0.008999999999999999
    vertex 0.0057 1 0.03099999999995512
    vertex 0.0057 1.1 0.03099999999995512
  endloop
endfacet
facet normal -1 0 0
  outer loop
    vertex 0.0057 1 0.008999999999999999
    vertex 0.0057 1.1 0.03099999999995512
    vertex 0.0057 1.1 0.008999999999999999
  endloop
endfacet
facet normal -1 0 0
  outer loop
    vertex 0.0057 1.1 0.008999999999999999
    vertex 0.0057 1.1 0.03099999999995512
    vertex 0.0057 1.2 0.03099999999995512
  endloop
endfacet
facet normal -1 0 0
  outer loop
    vertex 0.0057 1.1 0.008999999999999999
    vertex 0.0057 1.2 0.03099999999995512
    vertex 0.0057 1.2 0.008999999999999999
  endloop
endfacet
facet normal -1 0 0
  outer loop
    vertex 0.0057 1.2 0.008999999999999999
    vertex 0.0057 1.2 0.03099999999995512
    vertex 0.0057 1.3 0.03099999999995512
  endloop
endfacet
facet normal -1 0 0
  outer loop
    vertex 0.0057 1.2 0.008999999999999999
    vertex 0.0057 1.3 0.03099999999995512
    vertex 0.0057 1.3 0.008999999999999999
  endloop
endfacet
facet normal -1 0 0
  outer loop
    vertex 0.0057 1.3 0.008999999999999999
    vertex 0.0057 1.3 0.03099999999995512
    vertex 0.0057 1.4 0.03099999999995512
  endloop
endfacet
facet normal -1 0 0
  outer loop
    vertex 0.0057 1.3 0.008999999999999999
    vertex 0.0057 1.4 0.03099999999995512
    vertex 0.0057 1.4 0.008999999999999999
  endloop
endfacet
facet normal -1 0 0
  outer loop
    vertex 0.0057 1.4 0.008999999999999999
    vertex 0.0057 1.4 0.03099999999995512
    vertex 0.0057 1.5 0.03099999999995512
  endloop
endfacet
facet normal -1 0 0
  outer loop
    vertex 0.0057 1.4 0.008999999999999999
    vertex 0.0057 1.5 0.03099999999995512
    vertex 0.0057 1.5 0.008999999999999999
  endloop
endfacet
facet normal -1 0 0
  outer loop
    vertex 0.0057 1.5 0.008999999999999999
    vertex 0.0057 1.5 0.03099999999995512
    vertex 0.0057 1.6 0.03099999999995512
  endloop
endfacet
facet normal -1 0 0
  outer loop
    vertex 0.0057 1.5 0.008999999999999999
    vertex 0.0057 1.6 0.03099999999995512
    vertex 0.0057 1.6 0.008999999999999999
  endloop
endfacet
facet normal -1 0 0
  outer loop
    vertex 0.0057 1.6 0.008999999999999999
    vertex 0.0057 1.6 0.03099999999995512
    vertex 0.0057 1.7 0.03099999999995512
  endloop
endfacet
facet normal -1 0 0
  outer loop
    vertex 0.0057 1.6 0.008999999999999999
    vertex 0.0057 1.7 0.03099999999995512
    vertex 0.0057 1.7 0.008999999999999999
  endloop
endfacet
facet normal -1 0 0
  outer loop
    vertex 0.0057 1.7 0.008999999999999999
    vertex 0.0057 1.7 0.03099999999995512
    vertex 0.0057 1.8 0.03099999999995512
  endloop
endfacet
facet normal -1 0 0
  outer loop
    vertex 0.0057 1.7 0.008999999999999999
    vertex 0.0057 1.8 0.03099999999995512
    vertex 0.0057 1.8 0.008999999999999999
  endloop
endfacet
facet normal -1 0 0
  outer loop
    vertex 0.0057 1.8 0.008999999999999999
    vertex 0.0057 1.8 0.03099999999995512
    vertex 0.0057 1.9 0.03099999999995512
  endloop
endfacet
facet normal -1 0 0
  outer loop
    vertex 0.0057 1.8 0.008999999999999999
    vertex 0.0057 1.9 0.03099999999995512
    vertex 0.0057 1.9 0.008999999999999999
  endloop
endfacet
facet normal -1 0 0
  outer loop
    vertex 0.0057 1.9 0.008999999999999999
    vertex 0.0057 1.9 0.03099999999995512
    vertex 0.0057 2 0.03099999999995512
  endloop
endfacet
facet normal -1 0 0
  outer loop
    vertex 0.0057 1.9 0.008999999999999999
    vertex 0.0057 2 0.03099999999995512
    vertex 0.0057 2 0.008999999999999999
  endloop
endfacet
facet normal -1 0 0
  outer loop
    vertex 0.0057 0 0.03099999999995512
    vertex 0.0057 0 0.05299999999989062
    vertex 0.0057 0.1 0.05299999999989062
  endloop
endfacet
facet normal -1 0 0
  outer loop
    vertex 0.0057 0 0.03099999999995512
    vertex 0.0057 0.1 0.05299999999989062
    vertex 0.0057 0.1 0.03099999999995512
  endloop
endfacet
facet normal -1 0 0
  outer loop
    vertex 0.0057 0.1 0.03099999999995512
    vertex 0.0057 0.1 0.05299999999989062
    vertex 0.0057 0.2 0.05299999999989062
  endloop
endfacet
facet normal -1 0 0
  outer loop
    vertex 0.0057 0.1 0.03099999999995512
    vertex 0.0057 0.2 0.05299999999989062
    vertex 0.0057 0.2 0.03099999999995512
  endloop
endfacet
facet normal -1 0 0
  outer loop
    vertex 0.0057 0.2 0.03099999999995512
    vertex 0.0057 0.2 0.05299999999989062
    vertex 0.0057 0.3 0.05299999999989062
  endloop
endfacet
facet normal -1 0 0
  outer loop
    vertex 0.0057 0.2 0.03099999999995512
    vertex 0.0057 0.3 0.05299999999989062
    vertex 0.0057 0.3 0.03099999999995512
  endloop
endfacet
facet normal -1 0 0
  outer loop
    vertex 0.0057 0.3 0.03099999999995512
    vertex 0.0057 0.3 0.05299999999989062
    vertex 0.0057 0.4 0.05299999999989062
  endloop
endfacet
facet normal -1 0 0
  outer loop
    vertex 0.0057 0.3 0.03099999999995512
    vertex 0.0057 0.4 0.05299999999989062
    vertex 0.0057 0.4 0.03099999999995512
  endloop
endfacet
facet normal -1 0 0
  outer loop
    vertex 0.0057 0.4 0.03099999999995512
    vertex 0.0057 0.4 0.05299999999989062
    vertex 0.0057 0.5 0.05299999999989062
  endloop
endfacet
facet normal -1 0 0
  outer loop
    vertex 0.0057 0.4 0.03099999999995512
    vertex 0.0057 0.5 0.05299999999989062
    vertex 0.0057 0.5 0.03099999999995512
  endloop
endfacet
facet normal -1 0 0
  outer loop
    vertex 0.0057 0.5 0.03099999999995512
    vertex 0.0057 0.5 0.05299999999989062
    vertex 0.0057 0.6 0.05299999999989062
  endloop
endfacet
facet normal -1 0 0
  outer loop
    vertex 0.0057 0.5 0.03099999999995512
    vertex 0.0057 0.6 0.05299999999989062
    vertex 0.0057 0.6 0.03099999999995512
  endloop
endfacet
facet normal -1 0 0
  outer loop
    vertex 0.0057 0.6 0.03099999999995512
    vertex 0.0057 0.6 0.05299999999989062
    vertex 0.0057 0.7 0.05299999999989062
  endloop
endfacet
facet normal -1 0 0
  outer loop
    vertex 0.0057 0.6 0.03099999999995512
    vertex 0.0057 0.7 0.05299999999989062
    vertex 0.0057 0.7 0.03099999999995512
  endloop
endfacet
facet normal -1 0 0
  outer loop
    vertex 0.0057 0.7 0.03099999999995512
    vertex 0.0057 0.7 0.05299999999989062
    vertex 0.0057 0.8 0.05299999999989062
  endloop
endfacet
facet normal -1 0 0
  outer loop
    vertex 0.0057 0.7 0.03099999999995512
    vertex 0.0057 0.8 0.05299999999989062
    vertex 0.0057 0.8 0.03099999999995512
  endloop
endfacet
facet normal -1 0 0
  outer loop
    vertex 0.0057 0.8 0.03099999999995512
    vertex 0.0057 0.8 0.05299999999989062
    vertex 0.0057 0.9 0.05299999999989062
  endloop
endfacet
facet normal -1 0 0
  outer loop
    vertex 0.0057 0.8 0.03099999999995512
    vertex 0.0057 0.9 0.05299999999989062
    vertex 0.0057 0.9 0.03099999999995512
  endloop
endfacet
facet normal -1 0 0
  outer loop
    vertex 0.0057 0.9 0.03099999999995512
    vertex 0.0057 0.9 0.05299999999989062
    vertex 0.0057 1 0.05299999999989062
  endloop
endfacet
facet normal -1 0 0
  outer loop
    vertex 0.0057 0.9 0.03099999999995512
    vertex 0.0057 1 0.05299999999989062
    vertex 0.0057 1 0.03099999999995512
  endloop
endfacet
facet normal -1 0 0
  outer loop
    vertex 0.0057 1 0.03099999999995512
    vertex 0.0057 1 0.05299999999989062
    vertex 0.0057 1.1 0.05299999999989062
  endloop
endfacet
facet normal -1 0 0
  outer loop
    vertex 0.0057 1 0.03099999999995512
    vertex 0.0057 1.1 0.05299999999989062
    vertex 0.0057 1.1 0.03099999999995512
  endloop
endfacet
facet normal -1 0 0
  outer loop
    vertex 0.0057 1.1 0.03099999999995512
    vertex 0.0057 1.1 0.05299999999989062
    vertex 0.0057 1.2 0.05299999999989062
  endloop
endfacet
facet normal -1 0 0
  outer loop
    vertex 0.0057 1.1 0.03099999999995512
    vertex 0.0057 1.2 0.05299999999989062
    vertex 0.0057 1.2 0.03099999999995512
  endloop
endfacet
facet normal -1 0 0
  outer loop
    vertex 0.0057 1.2 0.03099999999995512
    vertex 0.0057 1.2 0.05299999999989062
    vertex 0.0057 1.3 0.05299999999989062
  endloop
endfacet
facet normal -1 0 0
  outer loop
    vertex 0.0057 1.2 0.03099999999995512
    vertex 0.0057 1.3 0.05299999999989062
    vertex 0.0057 1.3 0.03099999999995512
  endloop
endfacet
facet normal -1 0 0
  outer loop
    vertex 0.0057 1.3 0.03099999999995512
    vertex 0.0057 1.3 0.05299999999989062
    vertex 0.0057 1.4 0.05299999999989062
  endloop
endfacet
facet normal -1 0 0
  outer loop
    vertex 0.0057 1.3 0.03099999999995512
    vertex 0.0057 1.4 0.05299999999989062
    vertex 0.0057 1.4 0.03099999999995512
  endloop
endfacet
facet normal -1 0 0
  outer loop
    vertex 0.0057 1.4 0.03099999999995512
    vertex 0.0057 1.4 0.05299999999989062
    vertex 0.0057 1.5 0.05299999999989062
  endloop
endfacet
facet normal -1 0 0
  outer loop
    vertex 0.0057 1.4 0.03099999999995512
    vertex 0.0057 1.5 0.05299999999989062
    vertex 0.0057 1.5 0.03099999999995512
  endloop
endfacet
facet normal -1 0 0
  outer loop
    vertex 0.0057 1.5 0.03099999999995512
    vertex 0.0057 1.5 0.05299999999989062
    vertex 0.0057 1.6 0.05299999999989062
  endloop
endfacet
facet normal -1 0 0
  outer loop
    vertex 0.0057 1.5 0.03099999999995512
    vertex 0.0057 1.6 0.05299999999989062
    vertex 0.0057 1.6 0.03099999999995512
  endloop
endfacet
facet normal -1 0 0
  outer loop
    vertex 0.0057 1.6 0.03099999999995512
    vertex 0.0057 1.6 0.05299999999989062
    vertex 0.0057 1.7 0.05299999999989062
  endloop
endfacet
facet normal -1 0 0
  outer loop
    vertex 0.0057 1.6 0.03099999999995512
    vertex 0.0057 1.7 0.05299999999989062
    vertex 0.0057 1.7 0.03099999999995512
  endloop
endfacet
facet normal -1 0 0
  outer loop
    vertex 0.0057 1.7 0.03099999999995512
    vertex 0.0057 1.7 0.05299999999989062
    vertex 0.0057 1.8 0.05299999999989062
  endloop
endfacet
facet normal -1 0 0
  outer loop
    vertex 0.0057 1.7 0.03099999999995512
    vertex 0.0057 1.8 0.05299999999989062
    vertex 0.0057 1.8 0.03099999999995512
  endloop
endfacet
facet normal -1 0 0
  outer loop
    vertex 0.0057 1.8 0.03099999999995512
    vertex 0.0057 1.8 0.05299999999989062
    vertex 0.0057 1.9 0.05299999999989062
  endloop
endfacet
facet normal -1 0 0
  outer loop
    vertex 0.0057 1.8 0.03099999999995512
    vertex 0.0057 1.9 0.05299999999989062
    vertex 0.0057 1.9 0.03099999999995512
  endloop
endfacet
facet normal -1 0 0
  outer loop
    vertex 0.0057 1.9 0.03099999999995512
    vertex 0.0057 1.9 0.05299999999989062
    vertex 0.0057 2 0.05299999999989062
  endloop
endfacet
facet normal -1 0 0
  outer loop
    vertex 0.0057 1.9 0.03099999999995512
    vertex 0.0057 2 0.05299999999989062
    vertex 0.0057 2 0.03099999999995512
  endloop
endfacet
facet normal -1 0 0
  outer loop
    vertex 0.0057 0 0.05299999999989062
    vertex 0.0057 0 0.0749999999998275
    vertex 0.0057 0.1 0.0749999999998275
  endloop
endfacet
facet normal -1 0 0
  outer loop
    vertex 0.0057 0 0.05299999999989062
    vertex 0.0057 0.1 0.0749999999998275
    vertex 0.0057 0.1 0.05299999999989062
  endloop
endfacet
facet normal -1 0 0
  outer loop
    vertex 0.0057 0.1 0.05299999999989062
    vertex 0.0057 0.1 0.0749999999998275
    vertex 0.0057 0.2 0.0749999999998275
  endloop
endfacet
facet normal -1 0 0
  outer loop
    vertex 0.0057 0.1 0.05299999999989062
    vertex 0.0057 0.2 0.0749999999998275
    vertex 0.0057 0.2 0.05299999999989062
  endloop
endfacet
facet normal -1 0 0
  outer loop
    vertex 0.0057 0.2 0.05299999999989062
    vertex 0.0057 0.2 0.0749999999998275
    vertex 0.0057 0.3 0.0749999999998275
  endloop
endfacet
facet normal -1 0 0
  outer loop
    vertex 0.0057 0.2 0.05299999999989062
    vertex 0.0057 0.3 0.0749999999998275
    vertex 0.0057 0.3 0.05299999999989062
  endloop
endfacet
facet normal -1 0 0
  outer loop
    vertex 0.0057 0.3 0.05299999999989062
    vertex 0.0057 0.3 0.0749999999998275
    vertex 0.0057 0.4 0.0749999999998275
  endloop
endfacet
facet normal -1 0 0
  outer loop
    vertex 0.0057 0.3 0.05299999999989062
    vertex 0.0057 0.4 0.0749999999998275
    vertex 0.0057 0.4 0.05299999999989062
  endloop
endfacet
facet normal -1 0 0
  outer loop
    vertex 0.0057 0.4 0.05299999999989062
    vertex 0.0057 0.4 0.0749999999998275
    vertex 0.0057 0.5 0.0749999999998275
  endloop
endfacet
facet normal -1 0 0
  outer loop
    vertex 0.0057 0.4 0.05299999999989062
    vertex 0.0057 0.5 0.0749999999998275
    vertex 0.0057 0.5 0.05299999999989062
  endloop
endfacet
facet normal -1 0 0
  outer loop
    vertex 0.0057 0.5 0.05299999999989062
    vertex 0.0057 0.5 0.0749999999998275
    vertex 0.0057 0.6 0.0749999999998275
  endloop
endfacet
facet normal -1 0 0
  outer loop
    vertex 0.0057 0.5 0.05299999999989062
    vertex 0.0057 0.6 0.0749999999998275
    vertex 0.0057 0.6 0.05299999999989062
  endloop
endfacet
facet normal -1 0 0
  outer loop
    vertex 0.0057 0.6 0.05299999999989062
    vertex 0.0057 0.6 0.0749999999998275
    vertex 0.0057 0.7 0.0749999999998275
  endloop
endfacet
facet normal -1 0 0
  outer loop
    vertex 0.0057 0.6 0.05299999999989062
    vertex 0.0057 0.7 0.0749999999998275
    vertex 0.0057 0.7 0.05299999999989062
  endloop
endfacet
facet normal -1 0 0
  outer loop
    vertex 0.0057 0.7 0.05299999999989062
    vertex 0.0057 0.7 0.0749999999998275
    vertex 0.0057 0.8 0.0749999999998275
  endloop
endfacet
facet normal -1 0 0
  outer loop
    vertex 0.0057 0.7 0.05299999999989062
    vertex 0.0057 0.8 0.0749999999998275
    vertex 0.0057 0.8 0.05299999999989062
  endloop
endfacet
facet normal -1 0 0
  outer loop
    vertex 0.0057 0.8 0.05299999999989062
    vertex 0.0057 0.8 0.0749999999998275
    vertex 0.0057 0.9 0.0749999999998275
  endloop
endfacet
facet normal -1 0 0
  outer loop
    vertex 0.0057 0.8 0.05299999999989062
    vertex 0.0057 0.9 0.0749999999998275
    vertex 0.0057 0.9 0.05299999999989062
  endloop
endfacet
facet normal -1 0 0
  outer loop
    vertex 0.0057 0.9 0.05299999999989062
    vertex 0.0057 0.9 0.0749999999998275
    vertex 0.0057 1 0.0749999999998275
  endloop
endfacet
facet normal -1 0 0
  outer loop
    vertex 0.0057 0.9 0.05299999999989062
    vertex 0.0057 1 0.0749999999998275
    vertex 0.0057 1 0.05299999999989062
  endloop
endfacet
facet normal -1 0 0
  outer loop
    vertex 0.0057 1 0.05299999999989062
    vertex 0.0057 1 0.0749999999998275
    vertex 0.0057 1.1 0.0749999999998275
  endloop
endfacet
facet normal -1 0 0
  outer loop
    vertex 0.0057 1 0.05299999999989062
    vertex 0.0057 1.1 0.0749999999998275
    vertex 0.0057 1.1 0.05299999999989062
  endloop
endfacet
facet normal -1 0 0
  outer loop
    vertex 0.0057 1.1 0.05299999999989062
    vertex 0.0057 1.1 0.0749999999998275
    vertex 0.0057 1.2 0.0749999999998275
  endloop
endfacet
facet normal -1 0 0
  outer loop
    vertex 0.0057 1.1 0.05299999999989062
    vertex 0.0057 1.2 0.0749999999998275
    vertex 0.0057 1.2 0.05299999999989062
  endloop
endfacet
facet normal -1 0 0
  outer loop
    vertex 0.0057 1.2 0.05299999999989062
    vertex 0.0057 1.2 0.0749999999998275
    vertex 0.0057 1.3 0.0749999999998275
  endloop
endfacet
facet normal -1 0 0
  outer loop
    vertex 0.0057 1.2 0.05299999999989062
    vertex 0.0057 1.3 0.0749999999998275
    vertex 0.0057 1.3 0.05299999999989062
  endloop
endfacet
facet normal -1 0 0
  outer loop
    vertex 0.0057 1.3 0.05299999999989062
    vertex 0.0057 1.3 0.0749999999998275
    vertex 0.0057 1.4 0.0749999999998275
  endloop
endfacet
facet normal -1 0 0
  outer loop
    vertex 0.0057 1.3 0.05299999999989062
    vertex 0.0057 1.4 0.0749999999998275
    vertex 0.0057 1.4 0.05299999999989062
  endloop
endfacet
facet normal -1 0 0
  outer loop
    vertex 0.0057 1.4 0.05299999999989062
    vertex 0.0057 1.4 0.0749999999998275
    vertex 0.0057 1.5 0.0749999999998275
  endloop
endfacet
facet normal -1 0 0
  outer loop
    vertex 0.0057 1.4 0.05299999999989062
    vertex 0.0057 1.5 0.0749999999998275
    vertex 0.0057 1.5 0.05299999999989062
  endloop
endfacet
facet normal -1 0 0
  outer loop
    vertex 0.0057 1.5 0.05299999999989062
    vertex 0.0057 1.5 0.0749999999998275
    vertex 0.0057 1.6 0.0749999999998275
  endloop
endfacet
facet normal -1 0 0
  outer loop
    vertex 0.0057 1.5 0.05299999999989062
    vertex 0.0057 1.6 0.0749999999998275
    vertex 0.0057 1.6 0.05299999999989062
  endloop
endfacet
facet normal -1 0 0
  outer loop
    vertex 0.0057 1.6 0.05299999999989062
    vertex 0.0057 1.6 0.0749999999998275
    vertex 0.0057 1.7 0.0749999999998275
  endloop
endfacet
facet normal -1 0 0
  outer loop
    vertex 0.0057 1.6 0.05299999999989062
    vertex 0.0057 1.7 0.0749999999998275
    vertex 0.0057 1.7 0.05299999999989062
  endloop
endfacet
facet normal -1 0 0
  outer loop
    vertex 0.0057 1.7 0.05299999999989062
    vertex 0.0057 1.7 0.0749999999998275
    vertex 0.0057 1.8 0.0749999999998275
  endloop
endfacet
facet normal -1 0 0
  outer loop
    vertex 0.0057 1.7 0.05299999999989062
    vertex 0.0057 1.8 0.0749999999998275
    vertex 0.0057 1.8 0.05299999999989062
  endloop
endfacet
facet normal -1 0 0
  outer loop
    vertex 0.0057 1.8 0.05299999999989062
    vertex 0.0057 1.8 0.0749999999998275
    vertex 0.0057 1.9 0.0749999999998275
  endloop
endfacet
facet normal -1 0 0
  outer loop
    vertex 0.0057 1.8 0.05299999999989062
    vertex 0.0057 1.9 0.0749999999998275
    vertex 0.0057 1.9 0.05299999999989062
  endloop
endfacet
facet normal -1 0 0
  outer loop
    vertex 0.0057 1.9 0.05299999999989062
    vertex 0.0057 1.9 0.0749999999998275
    vertex 0.0057 2 0.0749999999998275
  endloop
endfacet
facet normal -1 0 0
  outer loop
    vertex 0.0057 1.9 0.05299999999989062
    vertex 0.0057 2 0.0749999999998275
    vertex 0.0057 2 0.05299999999989062
  endloop
endfacet
facet normal -1 0 0
  outer loop
    vertex 0.0057 0 0.0749999999998275
    vertex 0.0057 0 0.0969999999998786
    vertex 0.0057 0.1 0.0969999999998786
  endloop
endfacet
facet normal -1 0 0
  outer loop
    vertex 0.0057 0 0.0749999999998275
    vertex 0.0057 0.1 0.0969999999998786
    vertex 0.0057 0.1 0.0749999999998275
  endloop
endfacet
facet normal -1 0 0
  outer loop
    vertex 0.0057 0.1 0.0749999999998275
    vertex 0.0057 0.1 0.0969999999998786
    vertex 0.0057 0.2 0.0969999999998786
  endloop
endfacet
facet normal -1 0 0
  outer loop
    vertex 0.0057 0.1 0.0749999999998275
    vertex 0.0057 0.2 0.0969999999998786
    vertex 0.0057 0.2 0.0749999999998275
  endloop
endfacet
facet normal -1 0 0
  outer loop
    vertex 0.0057 0.2 0.0749999999998275
    vertex 0.0057 0.2 0.0969999999998786
    vertex 0.0057 0.3 0.0969999999998786
  endloop
endfacet
facet normal -1 0 0
  outer loop
    vertex 0.0057 0.2 0.0749999999998275
    vertex 0.0057 0.3 0.0969999999998786
    vertex 0.0057 0.3 0.0749999999998275
  endloop
endfacet
facet normal -1 0 0
  outer loop
    vertex 0.0057 0.3 0.0749999999998275
    vertex 0.0057 0.3 0.0969999999998786
    vertex 0.0057 0.4 0.0969999999998786
  endloop
endfacet
facet normal -1 0 0
  outer loop
    vertex 0.0057 0.3 0.0749999999998275
    vertex 0.0057 0.4 0.0969999999998786
    vertex 0.0057 0.4 0.0749999999998275
  endloop
endfacet
facet normal -1 0 0
  outer loop
    vertex 0.0057 0.4 0.0749999999998275
    vertex 0.0057 0.4 0.0969999999998786
    vertex 0.0057 0.5 0.0969999999998786
  endloop
endfacet
facet normal -1 0 0
  outer loop
    vertex 0.0057 0.4 0.0749999999998275
    vertex 0.0057 0.5 0.0969999999998786
    vertex 0.0057 0.5 0.0749999999998275
  endloop
endfacet
facet normal -1 0 0
  outer loop
    vertex 0.0057 0.5 0.0749999999998275
    vertex 0.0057 0.5 0.0969999999998786
    vertex 0.0057 0.6 0.0969999999998786
  endloop
endfacet
facet normal -1 0 0
  outer loop
    vertex 0.0057 0.5 0.0749999999998275
    vertex 0.0057 0.6 0.0969999999998786
    vertex 0.0057 0.6 0.0749999999998275
  endloop
endfacet
facet normal -1 0 0
  outer loop
    vertex 0.0057 0.6 0.0749999999998275
    vertex 0.0057 0.6 0.0969999999998786
    vertex 0.0057 0.7 0.0969999999998786
  endloop
endfacet
facet normal -1 0 0
  outer loop
    vertex 0.0057 0.6 0.0749999999998275
    vertex 0.0057 0.7 0.0969999999998786
    vertex 0.0057 0.7 0.0749999999998275
  endloop
endfacet
facet normal -1 0 0
  outer loop
    vertex 0.0057 0.7 0.0749999999998275
    vertex 0.0057 0.7 0.0969999999998786
    vertex 0.0057 0.8 0.0969999999998786
  endloop
endfacet
facet normal -1 0 0
  outer loop
    vertex 0.0057 0.7 0.0749999999998275
    vertex 0.0057 0.8 0.0969999999998786
    vertex 0.0057 0.8 0.0749999999998275
  endloop
endfacet
facet normal -1 0 0
  outer loop
    vertex 0.0057 0.8 0.0749999999998275
    vertex 0.0057 0.8 0.0969999999998786
    vertex 0.0057 0.9 0.0969999999998786
  endloop
endfacet
facet normal -1 0 0
  outer loop
    vertex 0.0057 0.8 0.0749999999998275
    vertex 0.0057 0.9 0.0969999999998786
    vertex 0.0057 0.9 0.0749999999998275
  endloop
endfacet
facet normal -1 0 0
  outer loop
    vertex 0.0057 0.9 0.0749999999998275
    vertex 0.0057 0.9 0.0969999999998786
    vertex 0.0057 1 0.0969999999998786
  endloop
endfacet
facet normal -1 0 0
  outer loop
    vertex 0.0057 0.9 0.0749999999998275
    vertex 0.0057 1 0.0969999999998786
    vertex 0.0057 1 0.0749999999998275
  endloop
endfacet
facet normal -1 0 0
  outer loop
    vertex 0.0057 1 0.0749999999998275
    vertex 0.0057 1 0.0969999999998786
    vertex 0.0057 1.1 0.0969999999998786
  endloop
endfacet
facet normal -1 0 0
  outer loop
    vertex 0.0057 1 0.0749999999998275
    vertex 0.0057 1.1 0.0969999999998786
    vertex 0.0057 1.1 0.0749999999998275
  endloop
endfacet
facet normal -1 0 0
  outer loop
    vertex 0.0057 1.1 0.0749999999998275
    vertex 0.0057 1.1 0.0969999999998786
    vertex 0.0057 1.2 0.0969999999998786
  endloop
endfacet
facet normal -1 0 0
  outer loop
    vertex 0.0057 1.1 0.0749999999998275
    vertex 0.0057 1.2 0.0969999999998786
    vertex 0.0057 1.2 0.0749999999998275
  endloop
endfacet
facet normal -1 0 0
  outer loop
    vertex 0.0057 1.2 0.0749999999998275
    vertex 0.0057 1.2 0.0969999999998786
    vertex 0.0057 1.3 0.0969999999998786
  endloop
endfacet
facet normal -1 0 0
  outer loop
    vertex 0.0057 1.2 0.0749999999998275
    vertex 0.0057 1.3 0.0969999999998786
    vertex 0.0057 1.3 0.0749999999998275
  endloop
endfacet
facet normal -1 0 0
  outer loop
    vertex 0.0057 1.3 0.0749999999998275
    vertex 0.0057 1.3 0.0969999999998786
    vertex 0.0057 1.4 0.0969999999998786
  endloop
endfacet
facet normal -1 0 0
  outer loop
    vertex 0.0057 1.3 0.0749999999998275
    vertex 0.0057 1.4 0.0969999999998786
    vertex 0.0057 1.4 0.0749999999998275
  endloop
endfacet
facet normal -1 0 0
  outer loop
    vertex 0.0057 1.4 0.0749999999998275
    vertex 0.0057 1.4 0.0969999999998786
    vertex 0.0057 1.5 0.0969999999998786
  endloop
endfacet
facet normal -1 0 0
  outer loop
    vertex 0.0057 1.4 0.0749999999998275
    vertex 0.0057 1.5 0.0969999999998786
    vertex 0.0057 1.5 0.0749999999998275
  endloop
endfacet
facet normal -1 0 0
  outer loop
    vertex 0.0057 1.5 0.0749999999998275
    vertex 0.0057 1.5 0.0969999999998786
    vertex 0.0057 1.6 0.0969999999998786
  endloop
endfacet
facet normal -1 0 0
  outer loop
    vertex 0.0057 1.5 0.0749999999998275
    vertex 0.0057 1.6 0.0969999999998786
    vertex 0.0057 1.6 0.0749999999998275
  endloop
endfacet
facet normal -1 0 0
  outer loop
    vertex 0.0057 1.6 0.0749999999998275
    vertex 0.0057 1.6 0.0969999999998786
    vertex 0.0057 1.7 0.0969999999998786
  endloop
endfacet
facet normal -1 0 0
  outer loop
    vertex 0.0057 1.6 0.0749999999998275
    vertex 0.0057 1.7 0.0969999999998786
    vertex 0.0057 1.7 0.0749999999998275
  endloop
endfacet
facet normal -1 0 0
  outer loop
    vertex 0.0057 1.7 0.0749999999998275
    vertex 0.0057 1.7 0.0969999999998786
    vertex 0.0057 1.8 0.0969999999998786
  endloop
endfacet
facet normal -1 0 0
  outer loop
    vertex 0.0057 1.7 0.0749999999998275
    vertex 0.0057 1.8 0.0969999999998786
    vertex 0.0057 1.8 0.0749999999998275
  endloop
endfacet
facet normal -1 0 0
  outer loop
    vertex 0.0057 1.8 0.0749999999998275
    vertex 0.0057 1.8 0.0969999999998786
    vertex 0.0057 1.9 0.0969999999998786
  endloop
endfacet
facet normal -1 0 0
  outer loop
    vertex 0.0057 1.8 0.0749999999998275
    vertex 0.0057 1.9 0.0969999999998786
    vertex 0.0057 1.9 0.0749999999998275
  endloop
endfacet
facet normal -1 0 0
  outer loop
    vertex 0.0057 1.9 0.0749999999998275
    vertex 0.0057 1.9 0.0969999999998786
    vertex 0.0057 2 0.0969999999998786
  endloop
endfacet
facet normal -1 0 0
  outer loop
    vertex 0.0057 1.9 0.0749999999998275
    vertex 0.0057 2 0.0969999999998786
    vertex 0.0057 2 0.0749999999998275
  endloop
endfacet
facet normal -1 0 0
  outer loop
    vertex 0.0057 0 0.0969999999998786
    vertex 0.0057 0 0.1189999999999397
    vertex 0.0057 0.1 0.1189999999999397
  endloop
endfacet
facet normal -1 0 0
  outer loop
    vertex 0.0057 0 0.0969999999998786
    vertex 0.0057 0.1 0.1189999999999397
    vertex 0.0057 0.1 0.0969999999998786
  endloop
endfacet
facet normal -1 0 0
  outer loop
    vertex 0.0057 0.1 0.0969999999998786
    vertex 0.0057 0.1 0.1189999999999397
    vertex 0.0057 0.2 0.1189999999999397
  endloop
endfacet
facet normal -1 0 0
  outer loop
    vertex 0.0057 0.1 0.0969999999998786
    vertex 0.0057 0.2 0.1189999999999397
    vertex 0.0057 0.2 0.0969999999998786
  endloop
endfacet
facet normal -1 0 0
  outer loop
    vertex 0.0057 0.2 0.0969999999998786
    vertex 0.0057 0.2 0.1189999999999397
    vertex 0.0057 0.3 0.1189999999999397
  endloop
endfacet
facet normal -1 0 0
  outer loop
    vertex 0.0057 0.2 0.0969999999998786
    vertex 0.0057 0.3 0.1189999999999397
    vertex 0.0057 0.3 0.0969999999998786
  endloop
endfacet
facet normal -1 0 0
  outer loop
    vertex 0.0057 0.3 0.0969999999998786
    vertex 0.0057 0.3 0.1189999999999397
    vertex 0.0057 0.4 0.1189999999999397
  endloop
endfacet
facet normal -1 0 0
  outer loop
    vertex 0.0057 0.3 0.0969999999998786
    vertex 0.0057 0.4 0.1189999999999397
    vertex 0.0057 0.4 0.0969999999998786
  endloop
endfacet
facet normal -1 0 0
  outer loop
    vertex 0.0057 0.4 0.0969999999998786
    vertex 0.0057 0.4 0.1189999999999397
    vertex 0.0057 0.5 0.1189999999999397
  endloop
endfacet
facet normal -1 0 0
  outer loop
    vertex 0.0057 0.4 0.0969999999998786
    vertex 0.0057 0.5 0.1189999999999397
    vertex 0.0057 0.5 0.0969999999998786
  endloop
endfacet
facet normal -1 0 0
  outer loop
    vertex 0.0057 0.5 0.0969999999998786
    vertex 0.0057 0.5 0.1189999999999397
    vertex 0.0057 0.6 0.1189999999999397
  endloop
endfacet
facet normal -1 0 0
  outer loop
    vertex 0.0057 0.5 0.0969999999998786
    vertex 0.0057 0.6 0.1189999999999397
    vertex 0.0057 0.6 0.0969999999998786
  endloop
endfacet
facet normal -1 0 0
  outer loop
    vertex 0.0057 0.6 0.0969999999998786
    vertex 0.0057 0.6 0.1189999999999397
    vertex 0.0057 0.7 0.1189999999999397
  endloop
endfacet
facet normal -1 0 0
  outer loop
    vertex 0.0057 0.6 0.0969999999998786
    vertex 0.0057 0.7 0.1189999999999397
    vertex 0.0057 0.7 0.0969999999998786
  endloop
endfacet
facet normal -1 0 0
  outer loop
    vertex 0.0057 0.7 0.0969999999998786
    vertex 0.0057 0.7 0.1189999999999397
    vertex 0.0057 0.8 0.1189999999999397
  endloop
endfacet
facet normal -1 0 0
  outer loop
    vertex 0.0057 0.7 0.0969999999998786
    vertex 0.0057 0.8 0.1189999999999397
    vertex 0.0057 0.8 0.0969999999998786
  endloop
endfacet
facet normal -1 0 0
  outer loop
    vertex 0.0057 0.8 0.0969999999998786
    vertex 0.0057 0.8 0.1189999999999397
    vertex 0.0057 0.9 0.1189999999999397
  endloop
endfacet
facet normal -1 0 0
  outer loop
    vertex 0.0057 0.8 0.0969999999998786
    vertex 0.0057 0.9 0.1189999999999397
    vertex 0.0057 0.9 0.0969999999998786
  endloop
endfacet
facet normal -1 0 0
  outer loop
    vertex 0.0057 0.9 0.0969999999998786
    vertex 0.0057 0.9 0.1189999999999397
    vertex 0.0057 1 0.1189999999999397
  endloop
endfacet
facet normal -1 0 0
  outer loop
    vertex 0.0057 0.9 0.0969999999998786
    vertex 0.0057 1 0.1189999999999397
    vertex 0.0057 1 0.0969999999998786
  endloop
endfacet
facet normal -1 0 0
  outer loop
    vertex 0.0057 1 0.0969999999998786
    vertex 0.0057 1 0.1189999999999397
    vertex 0.0057 1.1 0.1189999999999397
  endloop
endfacet
facet normal -1 0 0
  outer loop
    vertex 0.0057 1 0.0969999999998786
    vertex 0.0057 1.1 0.1189999999999397
    vertex 0.0057 1.1 0.0969999999998786
  endloop
endfacet
facet normal -1 0 0
  outer loop
    vertex 0.0057 1.1 0.0969999999998786
    vertex 0.0057 1.1 0.1189999999999397
    vertex 0.0057 1.2 0.1189999999999397
  endloop
endfacet
facet normal -1 0 0
  outer loop
    vertex 0.0057 1.1 0.0969999999998786
    vertex 0.0057 1.2 0.1189999999999397
    vertex 0.0057 1.2 0.0969999999998786
  endloop
endfacet
facet normal -1 0 0
  outer loop
    vertex 0.0057 1.2 0.0969999999998786
    vertex 0.0057 1.2 0.1189999999999397
    vertex 0.0057 1.3 0.1189999999999397
  endloop
endfacet
facet normal -1 0 0
  outer loop
    vertex 0.0057 1.2 0.0969999999998786
    vertex 0.0057 1.3 0.1189999999999397
    vertex 0.0057 1.3 0.0969999999998786
  endloop
endfacet
facet normal -1 0 0
  outer loop
    vertex 0.0057 1.3 0.0969999999998786
    vertex 0.0057 1.3 0.1189999999999397
    vertex 0.0057 1.4 0.1189999999999397
  endloop
endfacet
facet normal -1 0 0
  outer loop
    vertex 0.0057 1.3 0.0969999999998786
    vertex 0.0057 1.4 0.1189999999999397
    vertex 0.0057 1.4 0.0969999999998786
  endloop
endfacet
facet normal -1 0 0
  outer loop
    vertex 0.0057 1.4 0.0969999999998786
    vertex 0.0057 1.4 0.1189999999999397
    vertex 0.0057 1.5 0.1189999999999397
  endloop
endfacet
facet normal -1 0 0
  outer loop
    vertex 0.0057 1.4 0.0969999999998786
    vertex 0.0057 1.5 0.1189999999999397
    vertex 0.0057 1.5 0.0969999999998786
  endloop
endfacet
facet normal -1 0 0
  outer loop
    vertex 0.0057 1.5 0.0969999999998786
    vertex 0.0057 1.5 0.1189999999999397
    vertex 0.0057 1.6 0.1189999999999397
  endloop
endfacet
facet normal -1 0 0
  outer loop
    vertex 0.0057 1.5 0.0969999999998786
    vertex 0.0057 1.6 0.1189999999999397
    vertex 0.0057 1.6 0.0969999999998786
  endloop
endfacet
facet normal -1 0 0
  outer loop
    vertex 0.0057 1.6 0.0969999999998786
    vertex 0.0057 1.6 0.1189999999999397
    vertex 0.0057 1.7 0.1189999999999397
  endloop
endfacet
facet normal -1 0 0
  outer loop
    vertex 0.0057 1.6 0.0969999999998786
    vertex 0.0057 1.7 0.1189999999999397
    vertex 0.0057 1.7 0.0969999999998786
  endloop
endfacet
facet normal -1 0 0
  outer loop
    vertex 0.0057 1.7 0.0969999999998786
    vertex 0.0057 1.7 0.1189999999999397
    vertex 0.0057 1.8 0.1189999999999397
  endloop
endfacet
facet normal -1 0 0
  outer loop
    vertex 0.0057 1.7 0.0969999999998786
    vertex 0.0057 1.8 0.1189999999999397
    vertex 0.0057 1.8 0.0969999999998786
  endloop
endfacet
facet normal -1 0 0
  outer loop
    vertex 0.0057 1.8 0.0969999999998786
    vertex 0.0057 1.8 0.1189999999999397
    vertex 0.0057 1.9 0.1189999999999397
  endloop
endfacet
facet normal -1 0 0
  outer loop
    vertex 0.0057 1.8 0.0969999999998786
    vertex 0.0057 1.9 0.1189999999999397
    vertex 0.0057 1.9 0.0969999999998786
  endloop
endfacet
facet normal -1 0 0
  outer loop
    vertex 0.0057 1.9 0.0969999999998786
    vertex 0.0057 1.9 0.1189999999999397
    vertex 0.0057 2 0.1189999999999397
  endloop
endfacet
facet normal -1 0 0
  outer loop
    vertex 0.0057 1.9 0.0969999999998786
    vertex 0.0057 2 0.1189999999999397
    vertex 0.0057 2 0.0969999999998786
  endloop
endfacet
facet normal -1 0 0
  outer loop
    vertex 0.0057 0 0.1189999999999397
    vertex 0.0057 0 0.141
    vertex 0.0057 0.1 0.141
  endloop
endfacet
facet normal -1 0 0
  outer loop
    vertex 0.0057 0 0.1189999999999397
    vertex 0.0057 0.1 0.141
    vertex 0.0057 0.1 0.1189999999999397
  endloop
endfacet
facet normal -1 0 0
  outer loop
    vertex 0.0057 0.1 0.1189999999999397
    vertex 0.0057 0.1 0.141
    vertex 0.0057 0.2 0.141
  endloop
endfacet
facet normal -1 0 0
  outer loop
    vertex 0.0057 0.1 0.1189999999999397
    vertex 0.0057 0.2 0.141
    vertex 0.0057 0.2 0.1189999999999397
  endloop
endfacet
facet normal -1 0 0
  outer loop
    vertex 0.0057 0.2 0.1189999999999397
    vertex 0.0057 0.2 0.141
    vertex 0.0057 0.3 0.141
  endloop
endfacet
facet normal -1 0 0
  outer loop
    vertex 0.0057 0.2 0.1189999999999397
    vertex 0.0057 0.3 0.141
    vertex 0.0057 0.3 0.1189999999999397
  endloop
endfacet
facet normal -1 0 0
  outer loop
    vertex 0.0057 0.3 0.1189999999999397
    vertex 0.0057 0.3 0.141
    vertex 0.0057 0.4 0.141
  endloop
endfacet
facet normal -1 0 0
  outer loop
    vertex 0.0057 0.3 0.1189999999999397
    vertex 0.0057 0.4 0.141
    vertex 0.0057 0.4 0.1189999999999397
  endloop
endfacet
facet normal -1 0 0
  outer loop
    vertex 0.0057 0.4 0.1189999999999397
    vertex 0.0057 0.4 0.141
    vertex 0.0057 0.5 0.141
  endloop
endfacet
facet normal -1 0 0
  outer loop
    vertex 0.0057 0.4 0.1189999999999397
    vertex 0.0057 0.5 0.141
    vertex 0.0057 0.5 0.1189999999999397
  endloop
endfacet
facet normal -1 0 0
  outer loop
    vertex 0.0057 0.5 0.1189999999999397
    vertex 0.0057 0.5 0.141
    vertex 0.0057 0.6 0.141
  endloop
endfacet
facet normal -1 0 0
  outer loop
    vertex 0.0057 0.5 0.1189999999999397
    vertex 0.0057 0.6 0.141
    vertex 0.0057 0.6 0.1189999999999397
  endloop
endfacet
facet normal -1 0 0
  outer loop
    vertex 0.0057 0.6 0.1189999999999397
    vertex 0.0057 0.6 0.141
    vertex 0.0057 0.7 0.141
  endloop
endfacet
facet normal -1 0 0
  outer loop
    vertex 0.0057 0.6 0.1189999999999397
    vertex 0.0057 0.7 0.141
    vertex 0.0057 0.7 0.1189999999999397
  endloop
endfacet
facet normal -1 0 0
  outer loop
    vertex 0.0057 0.7 0.1189999999999397
    vertex 0.0057 0.7 0.141
    vertex 0.0057 0.8 0.141
  endloop
endfacet
facet normal -1 0 0
  outer loop
    vertex 0.0057 0.7 0.1189999999999397
    vertex 0.0057 0.8 0.141
    vertex 0.0057 0.8 0.1189999999999397
  endloop
endfacet
facet normal -1 0 0
  outer loop
    vertex 0.0057 0.8 0.1189999999999397
    vertex 0.0057 0.8 0.141
    vertex 0.0057 0.9 0.141
  endloop
endfacet
facet normal -1 0 0
  outer loop
    vertex 0.0057 0.8 0.1189999999999397
    vertex 0.0057 0.9 0.141
    vertex 0.0057 0.9 0.1189999999999397
  endloop
endfacet
facet normal -1 0 0
  outer loop
    vertex 0.0057 0.9 0.1189999999999397
    vertex 0.0057 0.9 0.141
    vertex 0.0057 1 0.141
  endloop
endfacet
facet normal -1 0 0
  outer loop
    vertex 0.0057 0.9 0.1189999999999397
    vertex 0.0057 1 0.141
    vertex 0.0057 1 0.1189999999999397
  endloop
endfacet
facet normal -1 0 0
  outer loop
    vertex 0.0057 1 0.1189999999999397
    vertex 0.0057 1 0.141
    vertex 0.0057 1.1 0.141
  endloop
endfacet
facet normal -1 0 0
  outer loop
    vertex 0.0057 1 0.1189999999999397
    vertex 0.0057 1.1 0.141
    vertex 0.0057 1.1 0.1189999999999397
  endloop
endfacet
facet normal -1 0 0
  outer loop
    vertex 0.0057 1.1 0.1189999999999397
    vertex 0.0057 1.1 0.141
    vertex 0.0057 1.2 0.141
  endloop
endfacet
facet normal -1 0 0
  outer loop
    vertex 0.0057 1.1 0.1189999999999397
    vertex 0.0057 1.2 0.141
    vertex 0.0057 1.2 0.1189999999999397
  endloop
endfacet
facet normal -1 0 0
  outer loop
    vertex 0.0057 1.2 0.1189999999999397
    vertex 0.0057 1.2 0.141
    vertex 0.0057 1.3 0.141
  endloop
endfacet
facet normal -1 0 0
  outer loop
    vertex 0.0057 1.2 0.1189999999999397
    vertex 0.0057 1.3 0.141
    vertex 0.0057 1.3 0.1189999999999397
  endloop
endfacet
facet normal -1 0 0
  outer loop
    vertex 0.0057 1.3 0.1189999999999397
    vertex 0.0057 1.3 0.141
    vertex 0.0057 1.4 0.141
  endloop
endfacet
facet normal -1 0 0
  outer loop
    vertex 0.0057 1.3 0.1189999999999397
    vertex 0.0057 1.4 0.141
    vertex 0.0057 1.4 0.1189999999999397
  endloop
endfacet
facet normal -1 0 0
  outer loop
    vertex 0.0057 1.4 0.1189999999999397
    vertex 0.0057 1.4 0.141
    vertex 0.0057 1.5 0.141
  endloop
endfacet
facet normal -1 0 0
  outer loop
    vertex 0.0057 1.4 0.1189999999999397
    vertex 0.0057 1.5 0.141
    vertex 0.0057 1.5 0.1189999999999397
  endloop
endfacet
facet normal -1 0 0
  outer loop
    vertex 0.0057 1.5 0.1189999999999397
    vertex 0.0057 1.5 0.141
    vertex 0.0057 1.6 0.141
  endloop
endfacet
facet normal -1 0 0
  outer loop
    vertex 0.0057 1.5 0.1189999999999397
    vertex 0.0057 1.6 0.141
    vertex 0.0057 1.6 0.1189999999999397
  endloop
endfacet
facet normal -1 0 0
  outer loop
    vertex 0.0057 1.6 0.1189999999999397
    vertex 0.0057 1.6 0.141
    vertex 0.0057 1.7 0.141
  endloop
endfacet
facet normal -1 0 0
  outer loop
    vertex 0.0057 1.6 0.1189999999999397
    vertex 0.0057 1.7 0.141
    vertex 0.0057 1.7 0.1189999999999397
  endloop
endfacet
facet normal -1 0 0
  outer loop
    vertex 0.0057 1.7 0.1189999999999397
    vertex 0.0057 1.7 0.141
    vertex 0.0057 1.8 0.141
  endloop
endfacet
facet normal -1 0 0
  outer loop
    vertex 0.0057 1.7 0.1189999999999397
    vertex 0.0057 1.8 0.141
    vertex 0.0057 1.8 0.1189999999999397
  endloop
endfacet
facet normal -1 0 0
  outer loop
    vertex 0.0057 1.8 0.1189999999999397
    vertex 0.0057 1.8 0.141
    vertex 0.0057 1.9 0.141
  endloop
endfacet
facet normal -1 0 0
  outer loop
    vertex 0.0057 1.8 0.1189999999999397
    vertex 0.0057 1.9 0.141
    vertex 0.0057 1.9 0.1189999999999397
  endloop
endfacet
facet normal -1 0 0
  outer loop
    vertex 0.0057 1.9 0.1189999999999397
    vertex 0.0057 1.9 0.141
    vertex 0.0057 2 0.141
  endloop
endfacet
facet normal -1 0 0
  outer loop
    vertex 0.0057 1.9 0.1189999999999397
    vertex 0.0057 2 0.141
    vertex 0.0057 2 0.1189999999999397
  endloop
endfacet
facet normal 0 0 1
  outer loop
    vertex 0.0057 0 0.141
    vertex 0.02879999999994219 0 0.141
    vertex 0.02879999999994219 0.1 0.141
  endloop
endfacet
facet normal 0 0 1
  outer loop
    vertex 0.0057 0 0.141
    vertex 0.02879999999994219 0.1 0.141
    vertex 0.0057 0.1 0.141
  endloop
endfacet
facet normal 0 0 1
  outer loop
    vertex 0.0057 0.1 0.141
    vertex 0.02879999999994219 0.1 0.141
    vertex 0.02879999999994219 0.2 0.141
  endloop
endfacet
facet normal 0 0 1
  outer loop
    vertex 0.0057 0.1 0.141
    vertex 0.02879999999994219 0.2 0.141
    vertex 0.0057 0.2 0.141
  endloop
endfacet
facet normal 0 0 1
  outer loop
    vertex 0.0057 0.2 0.141
    vertex 0.02879999999994219 0.2 0.141
    vertex 0.02879999999994219 0.3 0.141
  endloop
endfacet
facet normal 0 0 1
  outer loop
    vertex 0.0057 0.2 0.141
    vertex 0.02879999999994219 0.3 0.141
    vertex 0.0057 0.3 0.141
  endloop
endfacet
facet normal 0 0 1
  outer loop
    vertex 0.0057 0.3 0.141
    vertex 0.02879999999994219 0.3 0.141
    vertex 0.02879999999994219 0.4 0.141
  endloop
endfacet
facet normal 0 0 1
  outer loop
    vertex 0.0057 0.3 0.141
    vertex 0.02879999999994219 0.4 0.141
    vertex 0.0057 0.4 0.141
  endloop
endfacet
facet normal 0 0 1
  outer loop
    vertex 0.0057 0.4 0.141
    vertex 0.02879999999994219 0.4 0.141
    vertex 0.02879999999994219 0.5 0.141
  endloop
endfacet
facet normal 0 0 1
  outer loop
    vertex 0.0057 0.4 0.141
    vertex 0.02879999999994219 0.5 0.141
    vertex 0.0057 0.5 0.141
  endloop
endfacet
facet normal 0 0 1
  outer loop
    vertex 0.0057 0.5 0.141
    vertex 0.02879999999994219 0.5 0.141
    vertex 0.02879999999994219 0.6 0.141
  endloop
endfacet
facet normal 0 0 1
  outer loop
    vertex 0.0057 0.5 0.141
    vertex 0.02879999999994219 0.6 0.141
    vertex 0.0057 0.6 0.141
  endloop
endfacet
facet normal 0 0 1
  outer loop
    vertex 0.0057 0.6 0.141
    vertex 0.02879999999994219 0.6 0.141
    vertex 0.02879999999994219 0.7 0.141
  endloop
endfacet
facet normal 0 0 1
  outer loop
    vertex 0.0057 0.6 0.141
    vertex 0.02879999999994219 0.7 0.141
    vertex 0.0057 0.7 0.141
  endloop
endfacet
facet normal 0 0 1
  outer loop
    vertex 0.0057 0.7 0.141
    vertex 0.02879999999994219 0.7 0.141
    vertex 0.02879999999994219 0.8 0.141
  endloop
endfacet
facet normal 0 0 1
  outer loop
    vertex 0.0057 0.7 0.141
    vertex 0.02879999999994219 0.8 0.141
    vertex 0.0057 0.8 0.141
  endloop
endfacet
facet normal 0 0 1
  outer loop
    vertex 0.0057 0.8 0.141
    vertex 0.02879999999994219 0.8 0.141
    vertex 0.02879999999994219 0.9 0.141
  endloop
endfacet
facet normal 0 0 1
  outer loop
    vertex 0.0057 0.8 0.141
    vertex 0.02879999999994219 0.9 0.141
    vertex 0.0057 0.9 0.141
  endloop
endfacet
facet normal 0 0 1
  outer loop
    vertex 0.0057 0.9 0.141
    vertex 0.02879999999994219 0.9 0.141
    vertex 0.02879999999994219 1 0.141
  endloop
endfacet
facet normal 0 0 1
  outer loop
    vertex 0.0057 0.9 0.141
    vertex 0.02879999999994219 1 0.141
    vertex 0.0057 1 0.141
  endloop
endfacet
facet normal 0 0 1
  outer loop
    vertex 0.0057 1 0.141
    vertex 0.02879999999994219 1 0.141
    vertex 0.02879999999994219 1.1 0.141
  endloop
endfacet
facet normal 0 0 1
  outer loop
    vertex 0.0057 1 0.141
    vertex 0.02879999999994219 1.1 0.141
    vertex 0.0057 1.1 0.141
  endloop
endfacet
facet normal 0 0 1
  outer loop
    vertex 0.0057 1.1 0.141
    vertex 0.02879999999994219 1.1 0.141
    vertex 0.02879999999994219 1.2 0.141
  endloop
endfacet
facet normal 0 0 1
  outer loop
    vertex 0.0057 1.1 0.141
    vertex 0.02879999999994219 1.2 0.141
    vertex 0.0057 1.2 0.141
  endloop
endfacet
facet normal 0 0 1
  outer loop
    vertex 0.0057 1.2 0.141
    vertex 0.02879999999994219 1.2 0.141
    vertex 0.02879999999994219 1.3 0.141
  endloop
endfacet
facet normal 0 0 1
  outer loop
    vertex 0.0057 1.2 0.141
    vertex 0.02879999999994219 1.3 0.141
    vertex 0.0057 1.3 0.141
  endloop
endfacet
facet normal 0 0 1
  outer loop
    vertex 0.0057 1.3 0.141
    vertex 0.02879999999994219 1.3 0.141
    vertex 0.02879999999994219 1.4 0.141
  endloop
endfacet
facet normal 0 0 1
  outer loop
    vertex 0.0057 1.3 0.141
    vertex 0.02879999999994219 1.4 0.141
    vertex 0.0057 1.4 0.141
  endloop
endfacet
facet normal 0 0 1
  outer loop
    vertex 0.0057 1.4 0.141
    vertex 0.02879999999994219 1.4 0.141
    vertex 0.02879999999994219 1.5 0.141
  endloop
endfacet
facet normal 0 0 1
  outer loop
    vertex 0.0057 1.4 0.141
    vertex 0.02879999999994219 1.5 0.141
    vertex 0.0057 1.5 0.141
  endloop
endfacet
facet normal 0 0 1
  outer loop
    vertex 0.0057 1.5 0.141
    vertex 0.02879999999994219 1.5 0.141
    vertex 0.02879999999994219 1.6 0.141
  endloop
endfacet
facet normal 0 0 1
  outer loop
    vertex 0.0057 1.5 0.141
    vertex 0.02879999999994219 1.6 0.141
    vertex 0.0057 1.6 0.141
  endloop
endfacet
facet normal 0 0 1
  outer loop
    vertex 0.0057 1.6 0.141
    vertex 0.02879999999994219 1.6 0.141
    vertex 0.02879999999994219 1.7 0.141
  endloop
endfacet
facet normal 0 0 1
  outer loop
    vertex 0.0057 1.6 0.141
    vertex 0.02879999999994219 1.7 0.141
    vertex 0.0057 1.7 0.141
  endloop
endfacet
facet normal 0 0 1
  outer loop
    vertex 0.0057 1.7 0.141
    vertex 0.02879999999994219 1.7 0.141
    vertex 0.02879999999994219 1.8 0.141
  endloop
endfacet
facet normal 0 0 1
  outer loop
    vertex 0.0057 1.7 0.141
    vertex 0.02879999999994219 1.8 0.141
    vertex 0.0057 1.8 0.141
  endloop
endfacet
facet normal 0 0 1
  outer loop
    vertex 0.0057 1.8 0.141
    vertex 0.02879999999994219 1.8 0.141
    vertex 0.02879999999994219 1.9 0.141
  endloop
endfacet
facet normal 0 0 1
  outer loop
    vertex 0.0057 1.8 0.141
    vertex 0.02879999999994219 1.9 0.141
    vertex 0.0057 1.9 0.141
  endloop
endfacet
facet normal 0 0 1
  outer loop
    vertex 0.0057 1.9 0.141
    vertex 0.02879999999994219 1.9 0.141
    vertex 0.02879999999994219 2 0.141
  endloop
endfacet
facet normal 0 0 1
  outer loop
    vertex 0.0057 1.9 0.141
    vertex 0.02879999999994219 2 0.141
    vertex 0.0057 2 0.141
  endloop
endfacet
facet normal 0 0 1
  outer loop
    vertex 0.02879999999994219 0 0.141
    vertex 0.05189999999993772 0 0.141
    vertex 0.05189999999993772 0.1 0.141
  endloop
endfacet
facet normal 0 0 1
  outer loop
    vertex 0.02879999999994219 0 0.141
    vertex 0.05189999999993772 0.1 0.141
    vertex 0.02879999999994219 0.1 0.141
  endloop
endfacet
facet normal 0 0 1
  outer loop
    vertex 0.02879999999994219 0.1 0.141
    vertex 0.05189999999993772 0.1 0.141
    vertex 0.05189999999993772 0.2 0.141
  endloop
endfacet
facet normal 0 0 1
  outer loop
    vertex 0.02879999999994219 0.1 0.141
    vertex 0.05189999999993772 0.2 0.141
    vertex 0.02879999999994219 0.2 0.141
  endloop
endfacet
facet normal 0 0 1
  outer loop
    vertex 0.02879999999994219 0.2 0.141
    vertex 0.05189999999993772 0.2 0.141
    vertex 0.05189999999993772 0.3 0.141
  endloop
endfacet
facet normal 0 0 1
  outer loop
    vertex 0.02879999999994219 0.2 0.141
    vertex 0.05189999999993772 0.3 0.141
    vertex 0.02879999999994219 0.3 0.141
  endloop
endfacet
facet normal 0 0 1
  outer loop
    vertex 0.02879999999994219 0.3 0.141
    vertex 0.05189999999993772 0.3 0.141
    vertex 0.05189999999993772 0.4 0.141
  endloop
endfacet
facet normal 0 0 1
  outer loop
    vertex 0.02879999999994219 0.3 0.141
    vertex 0.05189999999993772 0.4 0.141
    vertex 0.02879999999994219 0.4 0.141
  endloop
endfacet
facet normal 0 0 1
  outer loop
    vertex 0.02879999999994219 0.4 0.141
    vertex 0.05189999999993772 0.4 0.141
    vertex 0.05189999999993772 0.5 0.141
  endloop
endfacet
facet normal 0 0 1
  outer loop
    vertex 0.02879999999994219 0.4 0.141
    vertex 0.05189999999993772 0.5 0.141
    vertex 0.02879999999994219 0.5 0.141
  endloop
endfacet
facet normal 0 0 1
  outer loop
    vertex 0.02879999999994219 0.5 0.141
    vertex 0.05189999999993772 0.5 0.141
    vertex 0.05189999999993772 0.6 0.141
  endloop
endfacet
facet normal 0 0 1
  outer loop
    vertex 0.02879999999994219 0.5 0.141
    vertex 0.05189999999993772 0.6 0.141
    vertex 0.02879999999994219 0.6 0.141
  endloop
endfacet
facet normal 0 0 1
  outer loop
    vertex 0.02879999999994219 0.6 0.141
    vertex 0.05189999999993772 0.6 0.141
    vertex 0.05189999999993772 0.7 0.141
  endloop
endfacet
facet normal 0 0 1
  outer loop
    vertex 0.02879999999994219 0.6 0.141
    vertex 0.05189999999993772 0.7 0.141
    vertex 0.02879999999994219 0.7 0.141
  endloop
endfacet
facet normal 0 0 1
  outer loop
    vertex 0.02879999999994219 0.7 0.141
    vertex 0.05189999999993772 0.7 0.141
    vertex 0.05189999999993772 0.8 0.141
  endloop
endfacet
facet normal 0 0 1
  outer loop
    vertex 0.02879999999994219 0.7 0.141
    vertex 0.05189999999993772 0.8 0.141
    vertex 0.02879999999994219 0.8 0.141
  endloop
endfacet
facet normal 0 0 1
  outer loop
    vertex 0.02879999999994219 0.8 0.141
    vertex 0.05189999999993772 0.8 0.141
    vertex 0.05189999999993772 0.9 0.141
  endloop
endfacet
facet normal 0 0 1
  outer loop
    vertex 0.02879999999994219 0.8 0.141
    vertex 0.05189999999993772 0.9 0.141
    vertex 0.02879999999994219 0.9 0.141
  endloop
endfacet
facet normal 0 0 1
  outer loop
    vertex 0.02879999999994219 0.9 0.141
    vertex 0.05189999999993772 0.9 0.141
    vertex 0.05189999999993772 1 0.141
  endloop
endfacet
facet normal 0 0 1
  outer loop
    vertex 0.02879999999994219 0.9 0.141
    vertex 0.05189999999993772 1 0.141
    vertex 0.02879999999994219 1 0.141
  endloop
endfacet
facet normal 0 0 1
  outer loop
    vertex 0.02879999999994219 1 0.141
    vertex 0.05189999999993772 1 0.141
    vertex 0.05189999999993772 1.1 0.141
  endloop
endfacet
facet normal 0 0 1
  outer loop
    vertex 0.02879999999994219 1 0.141
    vertex 0.05189999999993772 1.1 0.141
    vertex 0.02879999999994219 1.1 0.141
  endloop
endfacet
facet normal 0 0 1
  outer loop
    vertex 0.02879999999994219 1.1 0.141
    vertex 0.05189999999993772 1.1 0.141
    vertex 0.05189999999993772 1.2 0.141
  endloop
endfacet
facet normal 0 0 1
  outer loop
    vertex 0.02879999999994219 1.1 0.141
    vertex 0.05189999999993772 1.2 0.141
    vertex 0.02879999999994219 1.2 0.141
  endloop
endfacet
facet normal 0 0 1
  outer loop
    vertex 0.02879999999994219 1.2 0.141
    vertex 0.05189999999993772 1.2 0.141
    vertex 0.05189999999993772 1.3 0.141
  endloop
endfacet
facet normal 0 0 1
  outer loop
    vertex 0.02879999999994219 1.2 0.141
    vertex 0.05189999999993772 1.3 0.141
    vertex 0.02879999999994219 1.3 0.141
  endloop
endfacet
facet normal 0 0 1
  outer loop
    vertex 0.02879999999994219 1.3 0.141
    vertex 0.05189999999993772 1.3 0.141
    vertex 0.05189999999993772 1.4 0.141
  endloop
endfacet
facet normal 0 0 1
  outer loop
    vertex 0.02879999999994219 1.3 0.141
    vertex 0.05189999999993772 1.4 0.141
    vertex 0.02879999999994219 1.4 0.141
  endloop
endfacet
facet normal 0 0 1
  outer loop
    vertex 0.02879999999994219 1.4 0.141
    vertex 0.05189999999993772 1.4 0.141
    vertex 0.05189999999993772 1.5 0.141
  endloop
endfacet
facet normal 0 0 1
  outer loop
    vertex 0.02879999999994219 1.4 0.141
    vertex 0.05189999999993772 1.5 0.141
    vertex 0.02879999999994219 1.5 0.141
  endloop
endfacet
facet normal 0 0 1
  outer loop
    vertex 0.02879999999994219 1.5 0.141
    vertex 0.05189999999993772 1.5 0.141
    vertex 0.05189999999993772 1.6 0.141
  endloop
endfacet
facet normal 0 0 1
  outer loop
    vertex 0.02879999999994219 1.5 0.141
    vertex 0.05189999999993772 1.6 0.141
    vertex 0.02879999999994219 1.6 0.141
  endloop
endfacet
facet normal 0 0 1
  outer loop
    vertex 0.02879999999994219 1.6 0.141
    vertex 0.05189999999993772 1.6 0.141
    vertex 0.05189999999993772 1.7 0.141
  endloop
endfacet
facet normal 0 0 1
  outer loop
    vertex 0.02879999999994219 1.6 0.141
    vertex 0.05189999999993772 1.7 0.141
    vertex 0.02879999999994219 1.7 0.141
  endloop
endfacet
facet normal 0 0 1
  outer loop
    vertex 0.02879999999994219 1.7 0.141
    vertex 0.05189999999993772 1.7 0.141
    vertex 0.05189999999993772 1.8 0.141
  endloop
endfacet
facet normal 0 0 1
  outer loop
    vertex 0.02879999999994219 1.7 0.141
    vertex 0.05189999999993772 1.8 0.141
    vertex 0.02879999999994219 1.8 0.141
  endloop
endfacet
facet normal 0 0 1
  outer loop
    vertex 0.02879999999994219 1.8 0.141
    vertex 0.05189999999993772 1.8 0.141
    vertex 0.05189999999993772 1.9 0.141
  endloop
endfacet
facet normal 0 0 1
  outer loop
    vertex 0.02879999999994219 1.8 0.141
    vertex 0.05189999999993772 1.9 0.141
    vertex 0.02879999999994219 1.9 0.141
  endloop
endfacet
facet normal 0 0 1
  outer loop
    vertex 0.02879999999994219 1.9 0.141
    vertex 0.05189999999993772 1.9 0.141
    vertex 0.05189999999993772 2 0.141
  endloop
endfacet
facet normal 0 0 1
  outer loop
    vertex 0.02879999999994219 1.9 0.141
    vertex 0.05189999999993772 2 0.141
    vertex 0.02879999999994219 2 0.141
  endloop
endfacet
facet normal 0 0 1
  outer loop
    vertex 0.05189999999993772 0 0.141
    vertex 0.075 0 0.141
    vertex 0.075 0.1 0.141
  endloop
endfacet
facet normal 0 0 1
  outer loop
    vertex 0.05189999999993772 0 0.141
    vertex 0.075 0.1 0.141
    vertex 0.05189999999993772 0.1 0.141
  endloop
endfacet
facet normal 0 0 1
  outer loop
    vertex 0.05189999999993772 0.1 0.141
    vertex 0.075 0.1 0.141
    vertex 0.075 0.2 0.141
  endloop
endfacet
facet normal 0 0 1
  outer loop
    vertex 0.05189999999993772 0.1 0.141
    vertex 0.075 0.2 0.141
    vertex 0.05189999999993772 0.2 0.141
  endloop
endfacet
facet normal 0 0 1
  outer loop
    vertex 0.05189999999993772 0.2 0.141
    vertex 0.075 0.2 0.141
    vertex 0.075 0.3 0.141
  endloop
endfacet
facet normal 0 0 1
  outer loop
    vertex 0.05189999999993772 0.2 0.141
    vertex 0.075 0.3 0.141
    vertex 0.05189999999993772 0.3 0.141
  endloop
endfacet
facet normal 0 0 1
  outer loop
    vertex 0.05189999999993772 0.3 0.141
    vertex 0.075 0.3 0.141
    vertex 0.075 0.4 0.141
  endloop
endfacet
facet normal 0 0 1
  outer loop
    vertex 0.05189999999993772 0.3 0.141
    vertex 0.075 0.4 0.141
    vertex 0.05189999999993772 0.4 0.141
  endloop
endfacet
facet normal 0 0 1
  outer loop
    vertex 0.05189999999993772 0.4 0.141
    vertex 0.075 0.4 0.141
    vertex 0.075 0.5 0.141
  endloop
endfacet
facet normal 0 0 1
  outer loop
    vertex 0.05189999999993772 0.4 0.141
    vertex 0.075 0.5 0.141
    vertex 0.05189999999993772 0.5 0.141
  endloop
endfacet
facet normal 0 0 1
  outer loop
    vertex 0.05189999999993772 0.5 0.141
    vertex 0.075 0.5 0.141
    vertex 0.075 0.6 0.141
  endloop
endfacet
facet normal 0 0 1
  outer loop
    vertex 0.05189999999993772 0.5 0.141
    vertex 0.075 0.6 0.141
    vertex 0.05189999999993772 0.6 0.141
  endloop
endfacet
facet normal 0 0 1
  outer loop
    vertex 0.05189999999993772 0.6 0.141
    vertex 0.075 0.6 0.141
    vertex 0.075 0.7 0.141
  endloop
endfacet
facet normal 0 0 1
  outer loop
    vertex 0.05189999999993772 0.6 0.141
    vertex 0.075 0.7 0.141
    vertex 0.05189999999993772 0.7 0.141
  endloop
endfacet
facet normal 0 0 1
  outer loop
    vertex 0.05189999999993772 0.7 0.141
    vertex 0.075 0.7 0.141
    vertex 0.075 0.8 0.141
  endloop
endfacet
facet normal 0 0 1
  outer loop
    vertex 0.05189999999993772 0.7 0.141
    vertex 0.075 0.8 0.141
    vertex 0.05189999999993772 0.8 0.141
  endloop
endfacet
facet normal 0 0 1
  outer loop
    vertex 0.05189999999993772 0.8 0.141
    vertex 0.075 0.8 0.141
    vertex 0.075 0.9 0.141
  endloop
endfacet
facet normal 0 0 1
  outer loop
    vertex 0.05189999999993772 0.8 0.141
    vertex 0.075 0.9 0.141
    vertex 0.05189999999993772 0.9 0.141
  endloop
endfacet
facet normal 0 0 1
  outer loop
    vertex 0.05189999999993772 0.9 0.141
    vertex 0.075 0.9 0.141
    vertex 0.075 1 0.141
  endloop
endfacet
facet normal 0 0 1
  outer loop
    vertex 0.05189999999993772 0.9 0.141
    vertex 0.075 1 0.141
    vertex 0.05189999999993772 1 0.141
  endloop
endfacet
facet normal 0 0 1
  outer loop
    vertex 0.05189999999993772 1 0.141
    vertex 0.075 1 0.141
    vertex 0.075 1.1 0.141
  endloop
endfacet
facet normal 0 0 1
  outer loop
    vertex 0.05189999999993772 1 0.141
    vertex 0.075 1.1 0.141
    vertex 0.05189999999993772 1.1 0.141
  endloop
endfacet
facet normal 0 0 1
  outer loop
    vertex 0.05189999999993772 1.1 0.141
    vertex 0.075 1.1 0.141
    vertex 0.075 1.2 0.141
  endloop
endfacet
facet normal 0 0 1
  outer loop
    vertex 0.05189999999993772 1.1 0.141
    vertex 0.075 1.2 0.141
    vertex 0.05189999999993772 1.2 0.141
  endloop
endfacet
facet normal 0 0 1
  outer loop
    vertex 0.05189999999993772 1.2 0.141
    vertex 0.075 1.2 0.141
    vertex 0.075 1.3 0.141
  endloop
endfacet
facet normal 0 0 1
  outer loop
    vertex 0.05189999999993772 1.2 0.141
    vertex 0.075 1.3 0.141
    vertex 0.05189999999993772 1.3 0.141
  endloop
endfacet
facet normal 0 0 1
  outer loop
    vertex 0.05189999999993772 1.3 0.141
    vertex 0.075 1.3 0.141
    vertex 0.075 1.4 0.141
  endloop
endfacet
facet normal 0 0 1
  outer loop
    vertex 0.05189999999993772 1.3 0.141
    vertex 0.075 1.4 0.141
    vertex 0.05189999999993772 1.4 0.141
  endloop
endfacet
facet normal 0 0 1
  outer loop
    vertex 0.05189999999993772 1.4 0.141
    vertex 0.075 1.4 0.141
    vertex 0.075 1.5 0.141
  endloop
endfacet
facet normal 0 0 1
  outer loop
    vertex 0.05189999999993772 1.4 0.141
    vertex 0.075 1.5 0.141
    vertex 0.05189999999993772 1.5 0.141
  endloop
endfacet
facet normal 0 0 1
  outer loop
    vertex 0.05189999999993772 1.5 0.141
    vertex 0.075 1.5 0.141
    vertex 0.075 1.6 0.141
  endloop
endfacet
facet normal 0 0 1
  outer loop
    vertex 0.05189999999993772 1.5 0.141
    vertex 0.075 1.6 0.141
    vertex 0.05189999999993772 1.6 0.141
  endloop
endfacet
facet normal 0 0 1
  outer loop
    vertex 0.05189999999993772 1.6 0.141
    vertex 0.075 1.6 0.141
    vertex 0.075 1.7 0.141
  endloop
endfacet
facet normal 0 0 1
  outer loop
    vertex 0.05189999999993772 1.6 0.141
    vertex 0.075 1.7 0.141
    vertex 0.05189999999993772 1.7 0.141
  endloop
endfacet
facet normal 0 0 1
  outer loop
    vertex 0.05189999999993772 1.7 0.141
    vertex 0.075 1.7 0.141
    vertex 0.075 1.8 0.141
  endloop
endfacet
facet normal 0 0 1
  outer loop
    vertex 0.05189999999993772 1.7 0.141
    vertex 0.075 1.8 0.141
    vertex 0.05189999999993772 1.8 0.141
  endloop
endfacet
facet normal 0 0 1
  outer loop
    vertex 0.05189999999993772 1.8 0.141
    vertex 0.075 1.8 0.141
    vertex 0.075 1.9 0.141
  endloop
endfacet
facet normal 0 0 1
  outer loop
    vertex 0.05189999999993772 1.8 0.141
    vertex 0.075 1.9 0.141
    vertex 0.05189999999993772 1.9 0.141
  endloop
endfacet
facet normal 0 0 1
  outer loop
    vertex 0.05189999999993772 1.9 0.141
    vertex 0.075 1.9 0.141
    vertex 0.075 2 0.141
  endloop
endfacet
facet normal 0 0 1
  outer loop
    vertex 0.05189999999993772 1.9 0.141
    vertex 0.075 2 0.141
    vertex 0.05189999999993772 2 0.141
  endloop
endfacet
facet normal -1 0 0
  outer loop
    vertex 0.075 0 0.141
    vertex 0.075 0 0.15
    vertex 0.075 0.1 0.15
  endloop
endfacet
facet normal -1 0 0
  outer loop
    vertex 0.075 0 0.141
    vertex 0.075 0.1 0.15
    vertex 0.075 0.1 0.141
  endloop
endfacet
facet normal -1 0 0
  outer loop
    vertex 0.075 0.1 0.141
    vertex 0.075 0.1 0.15
    vertex 0.075 0.2 0.15
  endloop
endfacet
facet normal -1 0 0
  outer loop
    vertex 0.075 0.1 0.141
    vertex 0.075 0.2 0.15
    vertex 0.075 0.2 0.141
  endloop
endfacet
facet normal -1 0 0
  outer loop
    vertex 0.075 0.2 0.141
    vertex 0.075 0.2 0.15
    vertex 0.075 0.3 0.15
  endloop
endfacet
facet normal -1 0 0
  outer loop
    vertex 0.075 0.2 0.141
    vertex 0.075 0.3 0.15
    vertex 0.075 0.3 0.141
  endloop
endfacet
facet normal -1 0 0
  outer loop
    vertex 0.075 0.3 0.141
    vertex 0.075 0.3 0.15
    vertex 0.075 0.4 0.15
  endloop
endfacet
facet normal -1 0 0
  outer loop
    vertex 0.075 0.3 0.141
    vertex 0.075 0.4 0.15
    vertex 0.075 0.4 0.141
  endloop
endfacet
facet normal -1 0 0
  outer loop
    vertex 0.075 0.4 0.141
    vertex 0.075 0.4 0.15
    vertex 0.075 0.5 0.15
  endloop
endfacet
facet normal -1 0 0
  outer loop
    vertex 0.075 0.4 0.141
    vertex 0.075 0.5 0.15
    vertex 0.075 0.5 0.141
  endloop
endfacet
facet normal -1 0 0
  outer loop
    vertex 0.075 0.5 0.141
    vertex 0.075 0.5 0.15
    vertex 0.075 0.6 0.15
  endloop
endfacet
facet normal -1 0 0
  outer loop
    vertex 0.075 0.5 0.141
    vertex 0.075 0.6 0.15
    vertex 0.075 0.6 0.141
  endloop
endfacet
facet normal -1 0 0
  outer loop
    vertex 0.075 0.6 0.141
    vertex 0.075 0.6 0.15
    vertex 0.075 0.7 0.15
  endloop
endfacet
facet normal -1 0 0
  outer loop
    vertex 0.075 0.6 0.141
    vertex 0.075 0.7 0.15
    vertex 0.075 0.7 0.141
  endloop
endfacet
facet normal -1 0 0
  outer loop
    vertex 0.075 0.7 0.141
    vertex 0.075 0.7 0.15
    vertex 0.075 0.8 0.15
  endloop
endfacet
facet normal -1 0 0
  outer loop
    vertex 0.075 0.7 0.141
    vertex 0.075 0.8 0.15
    vertex 0.075 0.8 0.141
  endloop
endfacet
facet normal -1 0 0
  outer loop
    vertex 0.075 0.8 0.141
    vertex 0.075 0.8 0.15
    vertex 0.075 0.9 0.15
  endloop
endfacet
facet normal -1 0 0
  outer loop
    vertex 0.075 0.8 0.141
    vertex 0.075 0.9 0.15
    vertex 0.075 0.9 0.141
  endloop
endfacet
facet normal -1 0 0
  outer loop
    vertex 0.075 0.9 0.141
    vertex 0.075 0.9 0.15
    vertex 0.075 1 0.15
  endloop
endfacet
facet normal -1 0 0
  outer loop
    vertex 0.075 0.9 0.141
    vertex 0.075 1 0.15
    vertex 0.075 1 0.141
  endloop
endfacet
facet normal -1 0 0
  outer loop
    vertex 0.075 1 0.141
    vertex 0.075 1 0.15
    vertex 0.075 1.1 0.15
  endloop
endfacet
facet normal -1 0 0
  outer loop
    vertex 0.075 1 0.141
    vertex 0.075 1.1 0.15
    vertex 0.075 1.1 0.141
  endloop
endfacet
facet normal -1 0 0
  outer loop
    vertex 0.075 1.1 0.141
    vertex 0.075 1.1 0.15
    vertex 0.075 1.2 0.15
  endloop
endfacet
facet normal -1 0 0
  outer loop
    vertex 0.075 1.1 0.141
    vertex 0.075 1.2 0.15
    vertex 0.075 1.2 0.141
  endloop
endfacet
facet normal -1 0 0
  outer loop
    vertex 0.075 1.2 0.141
    vertex 0.075 1.2 0.15
    vertex 0.075 1.3 0.15
  endloop
endfacet
facet normal -1 0 0
  outer loop
    vertex 0.075 1.2 0.141
    vertex 0.075 1.3 0.15
    vertex 0.075 1.3 0.141
  endloop
endfacet
facet normal -1 0 0
  outer loop
    vertex 0.075 1.3 0.141
    vertex 0.075 1.3 0.15
    vertex 0.075 1.4 0.15
  endloop
endfacet
facet normal -1 0 0
  outer loop
    vertex 0.075 1.3 0.141
    vertex 0.075 1.4 0.15
    vertex 0.075 1.4 0.141
  endloop
endfacet
facet normal -1 0 0
  outer loop
    vertex 0.075 1.4 0.141
    vertex 0.075 1.4 0.15
    vertex 0.075 1.5 0.15
  endloop
endfacet
facet normal -1 0 0
  outer loop
    vertex 0.075 1.4 0.141
    vertex 0.075 1.5 0.15
    vertex 0.075 1.5 0.141
  endloop
endfacet
facet normal -1 0 0
  outer loop
    vertex 0.075 1.5 0.141
    vertex 0.075 1.5 0.15
    vertex 0.075 1.6 0.15
  endloop
endfacet
facet normal -1 0 0
  outer loop
    vertex 0.075 1.5 0.141
    vertex 0.075 1.6 0.15
    vertex 0.075 1.6 0.141
  endloop
endfacet
facet normal -1 0 0
  outer loop
    vertex 0.075 1.6 0.141
    vertex 0.075 1.6 0.15
    vertex 0.075 1.7 0.15
  endloop
endfacet
facet normal -1 0 0
  outer loop
    vertex 0.075 1.6 0.141
    vertex 0.075 1.7 0.15
    vertex 0.075 1.7 0.141
  endloop
endfacet
facet normal -1 0 0
  outer loop
    vertex 0.075 1.7 0.141
    vertex 0.075 1.7 0.15
    vertex 0.075 1.8 0.15
  endloop
endfacet
facet normal -1 0 0
  outer loop
    vertex 0.075 1.7 0.141
    vertex 0.075 1.8 0.15
    vertex 0.075 1.8 0.141
  endloop
endfacet
facet normal -1 0 0
  outer loop
    vertex 0.075 1.8 0.141
    vertex 0.075 1.8 0.15
    vertex 0.075 1.9 0.15
  endloop
endfacet
facet normal -1 0 0
  outer loop
    vertex 0.075 1.8 0.141
    vertex 0.075 1.9 0.15
    vertex 0.075 1.9 0.141
  endloop
endfacet
facet normal -1 0 0
  outer loop
    vertex 0.075 1.9 0.141
    vertex 0.075 1.9 0.15
    vertex 0.075 2 0.15
  endloop
endfacet
facet normal -1 0 0
  outer loop
    vertex 0.075 1.9 0.141
    vertex 0.075 2 0.15
    vertex 0.075 2 0.141
  endloop
endfacet
facet normal 0 0 -1
  outer loop
    vertex 0.075 0 0.15
    vertex 0.05000000000005547 0 0.15
    vertex 0.05000000000005547 0.1 0.15
  endloop
endfacet
facet normal 0 0 -1
  outer loop
    vertex 0.075 0 0.15
    vertex 0.05000000000005547 0.1 0.15
    vertex 0.075 0.1 0.15
  endloop
endfacet
facet normal 0 0 -1
  outer loop
    vertex 0.075 0.1 0.15
    vertex 0.05000000000005547 0.1 0.15
    vertex 0.05000000000005547 0.2 0.15
  endloop
endfacet
facet normal 0 0 -1
  outer loop
    vertex 0.075 0.1 0.15
    vertex 0.05000000000005547 0.2 0.15
    vertex 0.075 0.2 0.15
  endloop
endfacet
facet normal 0 0 -1
  outer loop
    vertex 0.075 0.2 0.15
    vertex 0.05000000000005547 0.2 0.15
    vertex 0.05000000000005547 0.3 0.15
  endloop
endfacet
facet normal 0 0 -1
  outer loop
    vertex 0.075 0.2 0.15
    vertex 0.05000000000005547 0.3 0.15
    vertex 0.075 0.3 0.15
  endloop
endfacet
facet normal 0 0 -1
  outer loop
    vertex 0.075 0.3 0.15
    vertex 0.05000000000005547 0.3 0.15
    vertex 0.05000000000005547 0.4 0.15
  endloop
endfacet
facet normal 0 0 -1
  outer loop
    vertex 0.075 0.3 0.15
    vertex 0.05000000000005547 0.4 0.15
    vertex 0.075 0.4 0.15
  endloop
endfacet
facet normal 0 0 -1
  outer loop
    vertex 0.075 0.4 0.15
    vertex 0.05000000000005547 0.4 0.15
    vertex 0.05000000000005547 0.5 0.15
  endloop
endfacet
facet normal 0 0 -1
  outer loop
    vertex 0.075 0.4 0.15
    vertex 0.05000000000005547 0.5 0.15
    vertex 0.075 0.5 0.15
  endloop
endfacet
facet normal 0 0 -1
  outer loop
    vertex 0.075 0.5 0.15
    vertex 0.05000000000005547 0.5 0.15
    vertex 0.05000000000005547 0.6 0.15
  endloop
endfacet
facet normal 0 0 -1
  outer loop
    vertex 0.075 0.5 0.15
    vertex 0.05000000000005547 0.6 0.15
    vertex 0.075 0.6 0.15
  endloop
endfacet
facet normal 0 0 -1
  outer loop
    vertex 0.075 0.6 0.15
    vertex 0.05000000000005547 0.6 0.15
    vertex 0.05000000000005547 0.7 0.15
  endloop
endfacet
facet normal 0 0 -1
  outer loop
    vertex 0.075 0.6 0.15
    vertex 0.05000000000005547 0.7 0.15
    vertex 0.075 0.7 0.15
  endloop
endfacet
facet normal 0 0 -1
  outer loop
    vertex 0.075 0.7 0.15
    vertex 0.05000000000005547 0.7 0.15
    vertex 0.05000000000005547 0.8 0.15
  endloop
endfacet
facet normal 0 0 -1
  outer loop
    vertex 0.075 0.7 0.15
    vertex 0.05000000000005547 0.8 0.15
    vertex 0.075 0.8 0.15
  endloop
endfacet
facet normal 0 0 -1
  outer loop
    vertex 0.075 0.8 0.15
    vertex 0.05000000000005547 0.8 0.15
    vertex 0.05000000000005547 0.9 0.15
  endloop
endfacet
facet normal 0 0 -1
  outer loop
    vertex 0.075 0.8 0.15
    vertex 0.05000000000005547 0.9 0.15
    vertex 0.075 0.9 0.15
  endloop
endfacet
facet normal 0 0 -1
  outer loop
    vertex 0.075 0.9 0.15
    vertex 0.05000000000005547 0.9 0.15
    vertex 0.05000000000005547 1 0.15
  endloop
endfacet
facet normal 0 0 -1
  outer loop
    vertex 0.075 0.9 0.15
    vertex 0.05000000000005547 1 0.15
    vertex 0.075 1 0.15
  endloop
endfacet
facet normal 0 0 -1
  outer loop
    vertex 0.075 1 0.15
    vertex 0.05000000000005547 1 0.15
    vertex 0.05000000000005547 1.1 0.15
  endloop
endfacet
facet normal 0 0 -1
  outer loop
    vertex 0.075 1 0.15
    vertex 0.05000000000005547 1.1 0.15
    vertex 0.075 1.1 0.15
  endloop
endfacet
facet normal 0 0 -1
  outer loop
    vertex 0.075 1.1 0.15
    vertex 0.05000000000005547 1.1 0.15
    vertex 0.05000000000005547 1.2 0.15
  endloop
endfacet
facet normal 0 0 -1
  outer loop
    vertex 0.075 1.1 0.15
    vertex 0.05000000000005547 1.2 0.15
    vertex 0.075 1.2 0.15
  endloop
endfacet
facet normal 0 0 -1
  outer loop
    vertex 0.075 1.2 0.15
    vertex 0.05000000000005547 1.2 0.15
    vertex 0.05000000000005547 1.3 0.15
  endloop
endfacet
facet normal 0 0 -1
  outer loop
    vertex 0.075 1.2 0.15
    vertex 0.05000000000005547 1.3 0.15
    vertex 0.075 1.3 0.15
  endloop
endfacet
facet normal 0 0 -1
  outer loop
    vertex 0.075 1.3 0.15
    vertex 0.05000000000005547 1.3 0.15
    vertex 0.05000000000005547 1.4 0.15
  endloop
endfacet
facet normal 0 0 -1
  outer loop
    vertex 0.075 1.3 0.15
    vertex 0.05000000000005547 1.4 0.15
    vertex 0.075 1.4 0.15
  endloop
endfacet
facet normal 0 0 -1
  outer loop
    vertex 0.075 1.4 0.15
    vertex 0.05000000000005547 1.4 0.15
    vertex 0.05000000000005547 1.5 0.15
  endloop
endfacet
facet normal 0 0 -1
  outer loop
    vertex 0.075 1.4 0.15
    vertex 0.05000000000005547 1.5 0.15
    vertex 0.075 1.5 0.15
  endloop
endfacet
facet normal 0 0 -1
  outer loop
    vertex 0.075 1.5 0.15
    vertex 0.05000000000005547 1.5 0.15
    vertex 0.05000000000005547 1.6 0.15
  endloop
endfacet
facet normal 0 0 -1
  outer loop
    vertex 0.075 1.5 0.15
    vertex 0.05000000000005547 1.6 0.15
    vertex 0.075 1.6 0.15
  endloop
endfacet
facet normal 0 0 -1
  outer loop
    vertex 0.075 1.6 0.15
    vertex 0.05000000000005547 1.6 0.15
    vertex 0.05000000000005547 1.7 0.15
  endloop
endfacet
facet normal 0 0 -1
  outer loop
    vertex 0.075 1.6 0.15
    vertex 0.05000000000005547 1.7 0.15
    vertex 0.075 1.7 0.15
  endloop
endfacet
facet normal 0 0 -1
  outer loop
    vertex 0.075 1.7 0.15
    vertex 0.05000000000005547 1.7 0.15
    vertex 0.05000000000005547 1.8 0.15
  endloop
endfacet
facet normal 0 0 -1
  outer loop
    vertex 0.075 1.7 0.15
    vertex 0.05000000000005547 1.8 0.15
    vertex 0.075 1.8 0.15
  endloop
endfacet
facet normal 0 0 -1
  outer loop
    vertex 0.075 1.8 0.15
    vertex 0.05000000000005547 1.8 0.15
    vertex 0.05000000000005547 1.9 0.15
  endloop
endfacet
facet normal 0 0 -1
  outer loop
    vertex 0.075 1.8 0.15
    vertex 0.05000000000005547 1.9 0.15
    vertex 0.075 1.9 0.15
  endloop
endfacet
facet normal 0 0 -1
  outer loop
    vertex 0.075 1.9 0.15
    vertex 0.05000000000005547 1.9 0.15
    vertex 0.05000000000005547 2 0.15
  endloop
endfacet
facet normal 0 0 -1
  outer loop
    vertex 0.075 1.9 0.15
    vertex 0.05000000000005547 2 0.15
    vertex 0.075 2 0.15
  endloop
endfacet
facet normal 0 0 -1
  outer loop
    vertex 0.05000000000005547 0 0.15
    vertex 0.02500000000006173 0 0.15
    vertex 0.02500000000006173 0.1 0.15
  endloop
endfacet
facet normal 0 0 -1
  outer loop
    vertex 0.05000000000005547 0 0.15
    vertex 0.02500000000006173 0.1 0.15
    vertex 0.05000000000005547 0.1 0.15
  endloop
endfacet
facet normal 0 0 -1
  outer loop
    vertex 0.05000000000005547 0.1 0.15
    vertex 0.02500000000006173 0.1 0.15
    vertex 0.02500000000006173 0.2 0.15
  endloop
endfacet
facet normal 0 0 -1
  outer loop
    vertex 0.05000000000005547 0.1 0.15
    vertex 0.02500000000006173 0.2 0.15
    vertex 0.05000000000005547 0.2 0.15
  endloop
endfacet
facet normal 0 0 -1
  outer loop
    vertex 0.05000000000005547 0.2 0.15
    vertex 0.02500000000006173 0.2 0.15
    vertex 0.02500000000006173 0.3 0.15
  endloop
endfacet
facet normal 0 0 -1
  outer loop
    vertex 0.05000000000005547 0.2 0.15
    vertex 0.02500000000006173 0.3 0.15
    vertex 0.05000000000005547 0.3 0.15
  endloop
endfacet
facet normal 0 0 -1
  outer loop
    vertex 0.05000000000005547 0.3 0.15
    vertex 0.02500000000006173 0.3 0.15
    vertex 0.02500000000006173 0.4 0.15
  endloop
endfacet
facet normal 0 0 -1
  outer loop
    vertex 0.05000000000005547 0.3 0.15
    vertex 0.02500000000006173 0.4 0.15
    vertex 0.05000000000005547 0.4 0.15
  endloop
endfacet
facet normal 0 0 -1
  outer loop
    vertex 0.05000000000005547 0.4 0.15
    vertex 0.02500000000006173 0.4 0.15
    vertex 0.02500000000006173 0.5 0.15
  endloop
endfacet
facet normal 0 0 -1
  outer loop
    vertex 0.05000000000005547 0.4 0.15
    vertex 0.02500000000006173 0.5 0.15
    vertex 0.05000000000005547 0.5 0.15
  endloop
endfacet
facet normal 0 0 -1
  outer loop
    vertex 0.05000000000005547 0.5 0.15
    vertex 0.02500000000006173 0.5 0.15
    vertex 0.02500000000006173 0.6 0.15
  endloop
endfacet
facet normal 0 0 -1
  outer loop
    vertex 0.05000000000005547 0.5 0.15
    vertex 0.02500000000006173 0.6 0.15
    vertex 0.05000000000005547 0.6 0.15
  endloop
endfacet
facet normal 0 0 -1
  outer loop
    vertex 0.05000000000005547 0.6 0.15
    vertex 0.02500000000006173 0.6 0.15
    vertex 0.02500000000006173 0.7 0.15
  endloop
endfacet
facet normal 0 0 -1
  outer loop
    vertex 0.05000000000005547 0.6 0.15
    vertex 0.02500000000006173 0.7 0.15
    vertex 0.05000000000005547 0.7 0.15
  endloop
endfacet
facet normal 0 0 -1
  outer loop
    vertex 0.05000000000005547 0.7 0.15
    vertex 0.02500000000006173 0.7 0.15
    vertex 0.02500000000006173 0.8 0.15
  endloop
endfacet
facet normal 0 0 -1
  outer loop
    vertex 0.05000000000005547 0.7 0.15
    vertex 0.02500000000006173 0.8 0.15
    vertex 0.05000000000005547 0.8 0.15
  endloop
endfacet
facet normal 0 0 -1
  outer loop
    vertex 0.05000000000005547 0.8 0.15
    vertex 0.02500000000006173 0.8 0.15
    vertex 0.02500000000006173 0.9 0.15
  endloop
endfacet
facet normal 0 0 -1
  outer loop
    vertex 0.05000000000005547 0.8 0.15
    vertex 0.02500000000006173 0.9 0.15
    vertex 0.05000000000005547 0.9 0.15
  endloop
endfacet
facet normal 0 0 -1
  outer loop
    vertex 0.05000000000005547 0.9 0.15
    vertex 0.02500000000006173 0.9 0.15
    vertex 0.02500000000006173 1 0.15
  endloop
endfacet
facet normal 0 0 -1
  outer loop
    vertex 0.05000000000005547 0.9 0.15
    vertex 0.02500000000006173 1 0.15
    vertex 0.05000000000005547 1 0.15
  endloop
endfacet
facet normal 0 0 -1
  outer loop
    vertex 0.05000000000005547 1 0.15
    vertex 0.02500000000006173 1 0.15
    vertex 0.02500000000006173 1.1 0.15
  endloop
endfacet
facet normal 0 0 -1
  outer loop
    vertex 0.05000000000005547 1 0.15
    vertex 0.02500000000006173 1.1 0.15
    vertex 0.05000000000005547 1.1 0.15
  endloop
endfacet
facet normal 0 0 -1
  outer loop
    vertex 0.05000000000005547 1.1 0.15
    vertex 0.02500000000006173 1.1 0.15
    vertex 0.02500000000006173 1.2 0.15
  endloop
endfacet
facet normal 0 0 -1
  outer loop
    vertex 0.05000000000005547 1.1 0.15
    vertex 0.02500000000006173 1.2 0.15
    vertex 0.05000000000005547 1.2 0.15
  endloop
endfacet
facet normal 0 0 -1
  outer loop
    vertex 0.05000000000005547 1.2 0.15
    vertex 0.02500000000006173 1.2 0.15
    vertex 0.02500000000006173 1.3 0.15
  endloop
endfacet
facet normal 0 0 -1
  outer loop
    vertex 0.05000000000005547 1.2 0.15
    vertex 0.02500000000006173 1.3 0.15
    vertex 0.05000000000005547 1.3 0.15
  endloop
endfacet
facet normal 0 0 -1
  outer loop
    vertex 0.05000000000005547 1.3 0.15
    vertex 0.02500000000006173 1.3 0.15
    vertex 0.02500000000006173 1.4 0.15
  endloop
endfacet
facet normal 0 0 -1
  outer loop
    vertex 0.05000000000005547 1.3 0.15
    vertex 0.02500000000006173 1.4 0.15
    vertex 0.05000000000005547 1.4 0.15
  endloop
endfacet
facet normal 0 0 -1
  outer loop
    vertex 0.05000000000005547 1.4 0.15
    vertex 0.02500000000006173 1.4 0.15
    vertex 0.02500000000006173 1.5 0.15
  endloop
endfacet
facet normal 0 0 -1
  outer loop
    vertex 0.05000000000005547 1.4 0.15
    vertex 0.02500000000006173 1.5 0.15
    vertex 0.05000000000005547 1.5 0.15
  endloop
endfacet
facet normal 0 0 -1
  outer loop
    vertex 0.05000000000005547 1.5 0.15
    vertex 0.02500000000006173 1.5 0.15
    vertex 0.02500000000006173 1.6 0.15
  endloop
endfacet
facet normal 0 0 -1
  outer loop
    vertex 0.05000000000005547 1.5 0.15
    vertex 0.02500000000006173 1.6 0.15
    vertex 0.05000000000005547 1.6 0.15
  endloop
endfacet
facet normal 0 0 -1
  outer loop
    vertex 0.05000000000005547 1.6 0.15
    vertex 0.02500000000006173 1.6 0.15
    vertex 0.02500000000006173 1.7 0.15
  endloop
endfacet
facet normal 0 0 -1
  outer loop
    vertex 0.05000000000005547 1.6 0.15
    vertex 0.02500000000006173 1.7 0.15
    vertex 0.05000000000005547 1.7 0.15
  endloop
endfacet
facet normal 0 0 -1
  outer loop
    vertex 0.05000000000005547 1.7 0.15
    vertex 0.02500000000006173 1.7 0.15
    vertex 0.02500000000006173 1.8 0.15
  endloop
endfacet
facet normal 0 0 -1
  outer loop
    vertex 0.05000000000005547 1.7 0.15
    vertex 0.02500000000006173 1.8 0.15
    vertex 0.05000000000005547 1.8 0.15
  endloop
endfacet
facet normal 0 0 -1
  outer loop
    vertex 0.05000000000005547 1.8 0.15
    vertex 0.02500000000006173 1.8 0.15
    vertex 0.02500000000006173 1.9 0.15
  endloop
endfacet
facet normal 0 0 -1
  outer loop
    vertex 0.05000000000005547 1.8 0.15
    vertex 0.02500000000006173 1.9 0.15
    vertex 0.05000000000005547 1.9 0.15
  endloop
endfacet
facet normal 0 0 -1
  outer loop
    vertex 0.05000000000005547 1.9 0.15
    vertex 0.02500000000006173 1.9 0.15
    vertex 0.02500000000006173 2 0.15
  endloop
endfacet
facet normal 0 0 -1
  outer loop
    vertex 0.05000000000005547 1.9 0.15
    vertex 0.02500000000006173 2 0.15
    vertex 0.05000000000005547 2 0.15
  endloop
endfacet
facet normal 0 0 -1
  outer loop
    vertex 0.02500000000006173 0 0.15
    vertex 0 0 0.15
    vertex 0 0.1 0.15
  endloop
endfacet
facet normal 0 0 -1
  outer loop
    vertex 0.02500000000006173 0 0.15
    vertex 0 0.1 0.15
    vertex 0.02500000000006173 0.1 0.15
  endloop
endfacet
facet normal 0 0 -1
  outer loop
    vertex 0.02500000000006173 0.1 0.15
    vertex 0 0.1 0.15
    vertex 0 0.2 0.15
  endloop
endfacet
facet normal 0 0 -1
  outer loop
    vertex 0.02500000000006173 0.1 0.15
    vertex 0 0.2 0.15
    vertex 0.02500000000006173 0.2 0.15
  endloop
endfacet
facet normal 0 0 -1
  outer loop
    vertex 0.02500000000006173 0.2 0.15
    vertex 0 0.2 0.15
    vertex 0 0.3 0.15
  endloop
endfacet
facet normal 0 0 -1
  outer loop
    vertex 0.02500000000006173 0.2 0.15
    vertex 0 0.3 0.15
    vertex 0.02500000000006173 0.3 0.15
  endloop
endfacet
facet normal 0 0 -1
  outer loop
    vertex 0.02500000000006173 0.3 0.15
    vertex 0 0.3 0.15
    vertex 0 0.4 0.15
  endloop
endfacet
facet normal 0 0 -1
  outer loop
    vertex 0.02500000000006173 0.3 0.15
    vertex 0 0.4 0.15
    vertex 0.02500000000006173 0.4 0.15
  endloop
endfacet
facet normal 0 0 -1
  outer loop
    vertex 0.02500000000006173 0.4 0.15
    vertex 0 0.4 0.15
    vertex 0 0.5 0.15
  endloop
endfacet
facet normal 0 0 -1
  outer loop
    vertex 0.02500000000006173 0.4 0.15
    vertex 0 0.5 0.15
    vertex 0.02500000000006173 0.5 0.15
  endloop
endfacet
facet normal 0 0 -1
  outer loop
    vertex 0.02500000000006173 0.5 0.15
    vertex 0 0.5 0.15
    vertex 0 0.6 0.15
  endloop
endfacet
facet normal 0 0 -1
  outer loop
    vertex 0.02500000000006173 0.5 0.15
    vertex 0 0.6 0.15
    vertex 0.02500000000006173 0.6 0.15
  endloop
endfacet
facet normal 0 0 -1
  outer loop
    vertex 0.02500000000006173 0.6 0.15
    vertex 0 0.6 0.15
    vertex 0 0.7 0.15
  endloop
endfacet
facet normal 0 0 -1
  outer loop
    vertex 0.02500000000006173 0.6 0.15
    vertex 0 0.7 0.15
    vertex 0.02500000000006173 0.7 0.15
  endloop
endfacet
facet normal 0 0 -1
  outer loop
    vertex 0.02500000000006173 0.7 0.15
    vertex 0 0.7 0.15
    vertex 0 0.8 0.15
  endloop
endfacet
facet normal 0 0 -1
  outer loop
    vertex 0.02500000000006173 0.7 0.15
    vertex 0 0.8 0.15
    vertex 0.02500000000006173 0.8 0.15
  endloop
endfacet
facet normal 0 0 -1
  outer loop
    vertex 0.02500000000006173 0.8 0.15
    vertex 0 0.8 0.15
    vertex 0 0.9 0.15
  endloop
endfacet
facet normal 0 0 -1
  outer loop
    vertex 0.02500000000006173 0.8 0.15
    vertex 0 0.9 0.15
    vertex 0.02500000000006173 0.9 0.15
  endloop
endfacet
facet normal 0 0 -1
  outer loop
    vertex 0.02500000000006173 0.9 0.15
    vertex 0 0.9 0.15
    vertex 0 1 0.15
  endloop
endfacet
facet normal 0 0 -1
  outer loop
    vertex 0.02500000000006173 0.9 0.15
    vertex 0 1 0.15
    vertex 0.02500000000006173 1 0.15
  endloop
endfacet
facet normal 0 0 -1
  outer loop
    vertex 0.02500000000006173 1 0.15
    vertex 0 1 0.15
    vertex 0 1.1 0.15
  endloop
endfacet
facet normal 0 0 -1
  outer loop
    vertex 0.02500000000006173 1 0.15
    vertex 0 1.1 0.15
    vertex 0.02500000000006173 1.1 0.15
  endloop
endfacet
facet normal 0 0 -1
  outer loop
    vertex 0.02500000000006173 1.1 0.15
    vertex 0 1.1 0.15
    vertex 0 1.2 0.15
  endloop
endfacet
facet normal 0 0 -1
  outer loop
    vertex 0.02500000000006173 1.1 0.15
    vertex 0 1.2 0.15
    vertex 0.02500000000006173 1.2 0.15
  endloop
endfacet
facet normal 0 0 -1
  outer loop
    vertex 0.02500000000006173 1.2 0.15
    vertex 0 1.2 0.15
    vertex 0 1.3 0.15
  endloop
endfacet
facet normal 0 0 -1
  outer loop
    vertex 0.02500000000006173 1.2 0.15
    vertex 0 1.3 0.15
    vertex 0.02500000000006173 1.3 0.15
  endloop
endfacet
facet normal 0 0 -1
  outer loop
    vertex 0.02500000000006173 1.3 0.15
    vertex 0 1.3 0.15
    vertex 0 1.4 0.15
  endloop
endfacet
facet normal 0 0 -1
  outer loop
    vertex 0.02500000000006173 1.3 0.15
    vertex 0 1.4 0.15
    vertex 0.02500000000006173 1.4 0.15
  endloop
endfacet
facet normal 0 0 -1
  outer loop
    vertex 0.02500000000006173 1.4 0.15
    vertex 0 1.4 0.15
    vertex 0 1.5 0.15
  endloop
endfacet
facet normal 0 0 -1
  outer loop
    vertex 0.02500000000006173 1.4 0.15
    vertex 0 1.5 0.15
    vertex 0.02500000000006173 1.5 0.15
  endloop
endfacet
facet normal 0 0 -1
  outer loop
    vertex 0.02500000000006173 1.5 0.15
    vertex 0 1.5 0.15
    vertex 0 1.6 0.15
  endloop
endfacet
facet normal 0 0 -1
  outer loop
    vertex 0.02500000000006173 1.5 0.15
    vertex 0 1.6 0.15
    vertex 0.02500000000006173 1.6 0.15
  endloop
endfacet
facet normal 0 0 -1
  outer loop
    vertex 0.02500000000006173 1.6 0.15
    vertex 0 1.6 0.15
    vertex 0 1.7 0.15
  endloop
endfacet
facet normal 0 0 -1
  outer loop
    vertex 0.02500000000006173 1.6 0.15
    vertex 0 1.7 0.15
    vertex 0.02500000000006173 1.7 0.15
  endloop
endfacet
facet normal 0 0 -1
  outer loop
    vertex 0.02500000000006173 1.7 0.15
    vertex 0 1.7 0.15
    vertex 0 1.8 0.15
  endloop
endfacet
facet normal 0 0 -1
  outer loop
    vertex 0.02500000000006173 1.7 0.15
    vertex 0 1.8 0.15
    vertex 0.02500000000006173 1.8 0.15
  endloop
endfacet
facet normal 0 0 -1
  outer loop
    vertex 0.02500000000006173 1.8 0.15
    vertex 0 1.8 0.15
    vertex 0 1.9 0.15
  endloop
endfacet
facet normal 0 0 -1
  outer loop
    vertex 0.02500000000006173 1.8 0.15
    vertex 0 1.9 0.15
    vertex 0.02500000000006173 1.9 0.15
  endloop
endfacet
facet normal 0 0 -1
  outer loop
    vertex 0.02500000000006173 1.9 0.15
    vertex 0 1.9 0.15
    vertex 0 2 0.15
  endloop
endfacet
facet normal 0 0 -1
  outer loop
    vertex 0.02500000000006173 1.9 0.15
    vertex 0 2 0.15
    vertex 0.02500000000006173 2 0.15
  endloop
endfacet
facet normal 1 0 0
  outer loop
    vertex 0 0 0.15
    vertex 0 0 0.1250000000000392
    vertex 0 0.1 0.1250000000000392
  endloop
endfacet
facet normal 1 0 0
  outer loop
    vertex 0 0 0.15
    vertex 0 0.1 0.1250000000000392
    vertex 0 0.1 0.15
  endloop
endfacet
facet normal 1 0 0
  outer loop
    vertex 0 0.1 0.15
    vertex 0 0.1 0.1250000000000392
    vertex 0 0.2 0.1250000000000392
  endloop
endfacet
facet normal 1 0 0
  outer loop
    vertex 0 0.1 0.15
    vertex 0 0.2 0.1250000000000392
    vertex 0 0.2 0.15
  endloop
endfacet
facet normal 1 0 0
  outer loop
    vertex 0 0.2 0.15
    vertex 0 0.2 0.1250000000000392
    vertex 0 0.3 0.1250000000000392
  endloop
endfacet
facet normal 1 0 0
  outer loop
    vertex 0 0.2 0.15
    vertex 0 0.3 0.1250000000000392
    vertex 0 0.3 0.15
  endloop
endfacet
facet normal 1 0 0
  outer loop
    vertex 0 0.3 0.15
    vertex 0 0.3 0.1250000000000392
    vertex 0 0.4 0.1250000000000392
  endloop
endfacet
facet normal 1 0 0
  outer loop
    vertex 0 0.3 0.15
    vertex 0 0.4 0.1250000000000392
    vertex 0 0.4 0.15
  endloop
endfacet
facet normal 1 0 0
  outer loop
    vertex 0 0.4 0.15
    vertex 0 0.4 0.1250000000000392
    vertex 0 0.5 0.1250000000000392
  endloop
endfacet
facet normal 1 0 0
  outer loop
    vertex 0 0.4 0.15
    vertex 0 0.5 0.1250000000000392
    vertex 0 0.5 0.15
  endloop
endfacet
facet normal 1 0 0
  outer loop
    vertex 0 0.5 0.15
    vertex 0 0.5 0.1250000000000392
    vertex 0 0.6 0.1250000000000392
  endloop
endfacet
facet normal 1 0 0
  outer loop
    vertex 0 0.5 0.15
    vertex 0 0.6 0.1250000000000392
    vertex 0 0.6 0.15
  endloop
endfacet
facet normal 1 0 0
  outer loop
    vertex 0 0.6 0.15
    vertex 0 0.6 0.1250000000000392
    vertex 0 0.7 0.1250000000000392
  endloop
endfacet
facet normal 1 0 0
  outer loop
    vertex 0 0.6 0.15
    vertex 0 0.7 0.1250000000000392
    vertex 0 0.7 0.15
  endloop
endfacet
facet normal 1 0 0
  outer loop
    vertex 0 0.7 0.15
    vertex 0 0.7 0.1250000000000392
    vertex 0 0.8 0.1250000000000392
  endloop
endfacet
facet normal 1 0 0
  outer loop
    vertex 0 0.7 0.15
    vertex 0 0.8 0.1250000000000392
    vertex 0 0.8 0.15
  endloop
endfacet
facet normal 1 0 0
  outer loop
    vertex 0 0.8 0.15
    vertex 0 0.8 0.1250000000000392
    vertex 0 0.9 0.1250000000000392
  endloop
endfacet
facet normal 1 0 0
  outer loop
    vertex 0 0.8 0.15
    vertex 0 0.9 0.1250000000000392
    vertex 0 0.9 0.15
  endloop
endfacet
facet normal 1 0 0
  outer loop
    vertex 0 0.9 0.15
    vertex 0 0.9 0.1250000000000392
    vertex 0 1 0.1250000000000392
  endloop
endfacet
facet normal 1 0 0
  outer loop
    vertex 0 0.9 0.15
    vertex 0 1 0.1250000000000392
    vertex 0 1 0.15
  endloop
endfacet
facet normal 1 0 0
  outer loop
    vertex 0 1 0.15
    vertex 0 1 0.1250000000000392
    vertex 0 1.1 0.1250000000000392
  endloop
endfacet
facet normal 1 0 0
  outer loop
    vertex 0 1 0.15
    vertex 0 1.1 0.1250000000000392
    vertex 0 1.1 0.15
  endloop
endfacet
facet normal 1 0 0
  outer loop
    vertex 0 1.1 0.15
    vertex 0 1.1 0.1250000000000392
    vertex 0 1.2 0.1250000000000392
  endloop
endfacet
facet normal 1 0 0
  outer loop
    vertex 0 1.1 0.15
    vertex 0 1.2 0.1250000000000392
    vertex 0 1.2 0.15
  endloop
endfacet
facet normal 1 0 0
  outer loop
    vertex 0 1.2 0.15
    vertex 0 1.2 0.1250000000000392
    vertex 0 1.3 0.1250000000000392
  endloop
endfacet
facet normal 1 0 0
  outer loop
    vertex 0 1.2 0.15
    vertex 0 1.3 0.1250000000000392
    vertex 0 1.3 0.15
  endloop
endfacet
facet normal 1 0 0
  outer loop
    vertex 0 1.3 0.15
    vertex 0 1.3 0.1250000000000392
    vertex 0 1.4 0.1250000000000392
  endloop
endfacet
facet normal 1 0 0
  outer loop
    vertex 0 1.3 0.15
    vertex 0 1.4 0.1250000000000392
    vertex 0 1.4 0.15
  endloop
endfacet
facet normal 1 0 0
  outer loop
    vertex 0 1.4 0.15
    vertex 0 1.4 0.1250000000000392
    vertex 0 1.5 0.1250000000000392
  endloop
endfacet
facet normal 1 0 0
  outer loop
    vertex 0 1.4 0.15
    vertex 0 1.5 0.1250000000000392
    vertex 0 1.5 0.15
  endloop
endfacet
facet normal 1 0 0
  outer loop
    vertex 0 1.5 0.15
    vertex 0 1.5 0.1250000000000392
    vertex 0 1.6 0.1250000000000392
  endloop
endfacet
facet normal 1 0 0
  outer loop
    vertex 0 1.5 0.15
    vertex 0 1.6 0.1250000000000392
    vertex 0 1.6 0.15
  endloop
endfacet
facet normal 1 0 0
  outer loop
    vertex 0 1.6 0.15
    vertex 0 1.6 0.1250000000000392
    vertex 0 1.7 0.1250000000000392
  endloop
endfacet
facet normal 1 0 0
  outer loop
    vertex 0 1.6 0.15
    vertex 0 1.7 0.1250000000000392
    vertex 0 1.7 0.15
  endloop
endfacet
facet normal 1 0 0
  outer loop
    vertex 0 1.7 0.15
    vertex 0 1.7 0.1250000000000392
    vertex 0 1.8 0.1250000000000392
  endloop
endfacet
facet normal 1 0 0
  outer loop
    vertex 0 1.7 0.15
    vertex 0 1.8 0.1250000000000392
    vertex 0 1.8 0.15
  endloop
endfacet
facet normal 1 0 0
  outer loop
    vertex 0 1.8 0.15
    vertex 0 1.8 0.1250000000000392
    vertex 0 1.9 0.1250000000000392
  endloop
endfacet
facet normal 1 0 0
  outer loop
    vertex 0 1.8 0.15
    vertex 0 1.9 0.1250000000000392
    vertex 0 1.9 0.15
  endloop
endfacet
facet normal 1 0 0
  outer loop
    vertex 0 1.9 0.15
    vertex 0 1.9 0.1250000000000392
    vertex 0 2 0.1250000000000392
  endloop
endfacet
facet normal 1 0 0
  outer loop
    vertex 0 1.9 0.15
    vertex 0 2 0.1250000000000392
    vertex 0 2 0.15
  endloop
endfacet
facet normal 1 0 0
  outer loop
    vertex 0 0 0.1250000000000392
    vertex 0 0 0.1000000000001109
    vertex 0 0.1 0.1000000000001109
  endloop
endfacet
facet normal 1 0 0
  outer loop
    vertex 0 0 0.1250000000000392
    vertex 0 0.1 0.1000000000001109
    vertex 0 0.1 0.1250000000000392
  endloop
endfacet
facet normal 1 0 0
  outer loop
    vertex 0 0.1 0.1250000000000392
    vertex 0 0.1 0.1000000000001109
    vertex 0 0.2 0.1000000000001109
  endloop
endfacet
facet normal 1 0 0
  outer loop
    vertex 0 0.1 0.1250000000000392
    vertex 0 0.2 0.1000000000001109
    vertex 0 0.2 0.1250000000000392
  endloop
endfacet
facet normal 1 0 0
  outer loop
    vertex 0 0.2 0.1250000000000392
    vertex 0 0.2 0.1000000000001109
    vertex 0 0.3 0.1000000000001109
  endloop
endfacet
facet normal 1 0 0
  outer loop
    vertex 0 0.2 0.1250000000000392
    vertex 0 0.3 0.1000000000001109
    vertex 0 0.3 0.1250000000000392
  endloop
endfacet
facet normal 1 0 0
  outer loop
    vertex 0 0.3 0.1250000000000392
    vertex 0 0.3 0.1000000000001109
    vertex 0 0.4 0.1000000000001109
  endloop
endfacet
facet normal 1 0 0
  outer loop
    vertex 0 0.3 0.1250000000000392
    vertex 0 0.4 0.1000000000001109
    vertex 0 0.4 0.1250000000000392
  endloop
endfacet
facet normal 1 0 0
  outer loop
    vertex 0 0.4 0.1250000000000392
    vertex 0 0.4 0.1000000000001109
    vertex 0 0.5 0.1000000000001109
  endloop
endfacet
facet normal 1 0 0
  outer loop
    vertex 0 0.4 0.1250000000000392
    vertex 0 0.5 0.1000000000001109
    vertex 0 0.5 0.1250000000000392
  endloop
endfacet
facet normal 1 0 0
  outer loop
    vertex 0 0.5 0.1250000000000392
    vertex 0 0.5 0.1000000000001109
    vertex 0 0.6 0.1000000000001109
  endloop
endfacet
facet normal 1 0 0
  outer loop
    vertex 0 0.5 0.1250000000000392
    vertex 0 0.6 0.1000000000001109
    vertex 0 0.6 0.1250000000000392
  endloop
endfacet
facet normal 1 0 0
  outer loop
    vertex 0 0.6 0.1250000000000392
    vertex 0 0.6 0.1000000000001109
    vertex 0 0.7 0.1000000000001109
  endloop
endfacet
facet normal 1 0 0
  outer loop
    vertex 0 0.6 0.1250000000000392
    vertex 0 0.7 0.1000000000001109
    vertex 0 0.7 0.1250000000000392
  endloop
endfacet
facet normal 1 0 0
  outer loop
    vertex 0 0.7 0.1250000000000392
    vertex 0 0.7 0.1000000000001109
    vertex 0 0.8 0.1000000000001109
  endloop
endfacet
facet normal 1 0 0
  outer loop
    vertex 0 0.7 0.1250000000000392
    vertex 0 0.8 0.1000000000001109
    vertex 0 0.8 0.1250000000000392
  endloop
endfacet
facet normal 1 0 0
  outer loop
    vertex 0 0.8 0.1250000000000392
    vertex 0 0.8 0.1000000000001109
    vertex 0 0.9 0.1000000000001109
  endloop
endfacet
facet normal 1 0 0
  outer loop
    vertex 0 0.8 0.1250000000000392
    vertex 0 0.9 0.1000000000001109
    vertex 0 0.9 0.1250000000000392
  endloop
endfacet
facet normal 1 0 0
  outer loop
    vertex 0 0.9 0.1250000000000392
    vertex 0 0.9 0.1000000000001109
    vertex 0 1 0.1000000000001109
  endloop
endfacet
facet normal 1 0 0
  outer loop
    vertex 0 0.9 0.1250000000000392
    vertex 0 1 0.1000000000001109
    vertex 0 1 0.1250000000000392
  endloop
endfacet
facet normal 1 0 0
  outer loop
    vertex 0 1 0.1250000000000392
    vertex 0 1 0.1000000000001109
    vertex 0 1.1 0.1000000000001109
  endloop
endfacet
facet normal 1 0 0
  outer loop
    vertex 0 1 0.1250000000000392
    vertex 0 1.1 0.1000000000001109
    vertex 0 1.1 0.1250000000000392
  endloop
endfacet
facet normal 1 0 0
  outer loop
    vertex 0 1.1 0.1250000000000392
    vertex 0 1.1 0.1000000000001109
    vertex 0 1.2 0.1000000000001109
  endloop
endfacet
facet normal 1 0 0
  outer loop
    vertex 0 1.1 0.1250000000000392
    vertex 0 1.2 0.1000000000001109
    vertex 0 1.2 0.1250000000000392
  endloop
endfacet
facet normal 1 0 0
  outer loop
    vertex 0 1.2 0.1250000000000392
    vertex 0 1.2 0.1000000000001109
    vertex 0 1.3 0.1000000000001109
  endloop
endfacet
facet normal 1 0 0
  outer loop
    vertex 0 1.2 0.1250000000000392
    vertex 0 1.3 0.1000000000001109
    vertex 0 1.3 0.1250000000000392
  endloop
endfacet
facet normal 1 0 0
  outer loop
    vertex 0 1.3 0.1250000000000392
    vertex 0 1.3 0.1000000000001109
    vertex 0 1.4 0.1000000000001109
  endloop
endfacet
facet normal 1 0 0
  outer loop
    vertex 0 1.3 0.1250000000000392
    vertex 0 1.4 0.1000000000001109
    vertex 0 1.4 0.1250000000000392
  endloop
endfacet
facet normal 1 0 0
  outer loop
    vertex 0 1.4 0.1250000000000392
    vertex 0 1.4 0.1000000000001109
    vertex 0 1.5 0.1000000000001109
  endloop
endfacet
facet normal 1 0 0
  outer loop
    vertex 0 1.4 0.1250000000000392
    vertex 0 1.5 0.1000000000001109
    vertex 0 1.5 0.1250000000000392
  endloop
endfacet
facet normal 1 0 0
  outer loop
    vertex 0 1.5 0.1250000000000392
    vertex 0 1.5 0.1000000000001109
    vertex 0 1.6 0.1000000000001109
  endloop
endfacet
facet normal 1 0 0
  outer loop
    vertex 0 1.5 0.1250000000000392
    vertex 0 1.6 0.1000000000001109
    vertex 0 1.6 0.1250000000000392
  endloop
endfacet
facet normal 1 0 0
  outer loop
    vertex 0 1.6 0.1250000000000392
    vertex 0 1.6 0.1000000000001109
    vertex 0 1.7 0.1000000000001109
  endloop
endfacet
facet normal 1 0 0
  outer loop
    vertex 0 1.6 0.1250000000000392
    vertex 0 1.7 0.1000000000001109
    vertex 0 1.7 0.1250000000000392
  endloop
endfacet
facet normal 1 0 0
  outer loop
    vertex 0 1.7 0.1250000000000392
    vertex 0 1.7 0.1000000000001109
    vertex 0 1.8 0.1000000000001109
  endloop
endfacet
facet normal 1 0 0
  outer loop
    vertex 0 1.7 0.1250000000000392
    vertex 0 1.8 0.1000000000001109
    vertex 0 1.8 0.1250000000000392
  endloop
endfacet
facet normal 1 0 0
  outer loop
    vertex 0 1.8 0.1250000000000392
    vertex 0 1.8 0.1000000000001109
    vertex 0 1.9 0.1000000000001109
  endloop
endfacet
facet normal 1 0 0
  outer loop
    vertex 0 1.8 0.1250000000000392
    vertex 0 1.9 0.1000000000001109
    vertex 0 1.9 0.1250000000000392
  endloop
endfacet
facet normal 1 0 0
  outer loop
    vertex 0 1.9 0.1250000000000392
    vertex 0 1.9 0.1000000000001109
    vertex 0 2 0.1000000000001109
  endloop
endfacet
facet normal 1 0 0
  outer loop
    vertex 0 1.9 0.1250000000000392
    vertex 0 2 0.1000000000001109
    vertex 0 2 0.1250000000000392
  endloop
endfacet
facet normal 1 0 0
  outer loop
    vertex 0 0 0.1000000000001109
    vertex 0 0 0.07500000000018549
    vertex 0 0.1 0.07500000000018549
  endloop
endfacet
facet normal 1 0 0
  outer loop
    vertex 0 0 0.1000000000001109
    vertex 0 0.1 0.07500000000018549
    vertex 0 0.1 0.1000000000001109
  endloop
endfacet
facet normal 1 0 0
  outer loop
    vertex 0 0.1 0.1000000000001109
    vertex 0 0.1 0.07500000000018549
    vertex 0 0.2 0.07500000000018549
  endloop
endfacet
facet normal 1 0 0
  outer loop
    vertex 0 0.1 0.1000000000001109
    vertex 0 0.2 0.07500000000018549
    vertex 0 0.2 0.1000000000001109
  endloop
endfacet
facet normal 1 0 0
  outer loop
    vertex 0 0.2 0.1000000000001109
    vertex 0 0.2 0.07500000000018549
    vertex 0 0.3 0.07500000000018549
  endloop
endfacet
facet normal 1 0 0
  outer loop
    vertex 0 0.2 0.1000000000001109
    vertex 0 0.3 0.07500000000018549
    vertex 0 0.3 0.1000000000001109
  endloop
endfacet
facet normal 1 0 0
  outer loop
    vertex 0 0.3 0.1000000000001109
    vertex 0 0.3 0.07500000000018549
    vertex 0 0.4 0.07500000000018549
  endloop
endfacet
facet normal 1 0 0
  outer loop
    vertex 0 0.3 0.1000000000001109
    vertex 0 0.4 0.07500000000018549
    vertex 0 0.4 0.1000000000001109
  endloop
endfacet
facet normal 1 0 0
  outer loop
    vertex 0 0.4 0.1000000000001109
    vertex 0 0.4 0.07500000000018549
    vertex 0 0.5 0.07500000000018549
  endloop
endfacet
facet normal 1 0 0
  outer loop
    vertex 0 0.4 0.1000000000001109
    vertex 0 0.5 0.07500000000018549
    vertex 0 0.5 0.1000000000001109
  endloop
endfacet
facet normal 1 0 0
  outer loop
    vertex 0 0.5 0.1000000000001109
    vertex 0 0.5 0.07500000000018549
    vertex 0 0.6 0.07500000000018549
  endloop
endfacet
facet normal 1 0 0
  outer loop
    vertex 0 0.5 0.1000000000001109
    vertex 0 0.6 0.07500000000018549
    vertex 0 0.6 0.1000000000001109
  endloop
endfacet
facet normal 1 0 0
  outer loop
    vertex 0 0.6 0.1000000000001109
    vertex 0 0.6 0.07500000000018549
    vertex 0 0.7 0.07500000000018549
  endloop
endfacet
facet normal 1 0 0
  outer loop
    vertex 0 0.6 0.1000000000001109
    vertex 0 0.7 0.07500000000018549
    vertex 0 0.7 0.1000000000001109
  endloop
endfacet
facet normal 1 0 0
  outer loop
    vertex 0 0.7 0.1000000000001109
    vertex 0 0.7 0.07500000000018549
    vertex 0 0.8 0.07500000000018549
  endloop
endfacet
facet normal 1 0 0
  outer loop
    vertex 0 0.7 0.1000000000001109
    vertex 0 0.8 0.07500000000018549
    vertex 0 0.8 0.1000000000001109
  endloop
endfacet
facet normal 1 0 0
  outer loop
    vertex 0 0.8 0.1000000000001109
    vertex 0 0.8 0.07500000000018549
    vertex 0 0.9 0.07500000000018549
  endloop
endfacet
facet normal 1 0 0
  outer loop
    vertex 0 0.8 0.1000000000001109
    vertex 0 0.9 0.07500000000018549
    vertex 0 0.9 0.1000000000001109
  endloop
endfacet
facet normal 1 0 0
  outer loop
    vertex 0 0.9 0.1000000000001109
    vertex 0 0.9 0.07500000000018549
    vertex 0 1 0.07500000000018549
  endloop
endfacet
facet normal 1 0 0
  outer loop
    vertex 0 0.9 0.1000000000001109
    vertex 0 1 0.07500000000018549
    vertex 0 1 0.1000000000001109
  endloop
endfacet
facet normal 1 0 0
  outer loop
    vertex 0 1 0.1000000000001109
    vertex 0 1 0.07500000000018549
    vertex 0 1.1 0.07500000000018549
  endloop
endfacet
facet normal 1 0 0
  outer loop
    vertex 0 1 0.1000000000001109
    vertex 0 1.1 0.07500000000018549
    vertex 0 1.1 0.1000000000001109
  endloop
endfacet
facet normal 1 0 0
  outer loop
    vertex 0 1.1 0.1000000000001109
    vertex 0 1.1 0.07500000000018549
    vertex 0 1.2 0.07500000000018549
  endloop
endfacet
facet normal 1 0 0
  outer loop
    vertex 0 1.1 0.1000000000001109
    vertex 0 1.2 0.07500000000018549
    vertex 0 1.2 0.1000000000001109
  endloop
endfacet
facet normal 1 0 0
  outer loop
    vertex 0 1.2 0.1000000000001109
    vertex 0 1.2 0.07500000000018549
    vertex 0 1.3 0.07500000000018549
  endloop
endfacet
facet normal 1 0 0
  outer loop
    vertex 0 1.2 0.1000000000001109
    vertex 0 1.3 0.07500000000018549
    vertex 0 1.3 0.1000000000001109
  endloop
endfacet
facet normal 1 0 0
  outer loop
    vertex 0 1.3 0.1000000000001109
    vertex 0 1.3 0.07500000000018549
    vertex 0 1.4 0.07500000000018549
  endloop
endfacet
facet normal 1 0 0
  outer loop
    vertex 0 1.3 0.1000000000001109
    vertex 0 1.4 0.07500000000018549
    vertex 0 1.4 0.1000000000001109
  endloop
endfacet
facet normal 1 0 0
  outer loop
    vertex 0 1.4 0.1000000000001109
    vertex 0 1.4 0.07500000000018549
    vertex 0 1.5 0.07500000000018549
  endloop
endfacet
facet normal 1 0 0
  outer loop
    vertex 0 1.4 0.1000000000001109
    vertex 0 1.5 0.07500000000018549
    vertex 0 1.5 0.1000000000001109
  endloop
endfacet
facet normal 1 0 0
  outer loop
    vertex 0 1.5 0.1000000000001109
    vertex 0 1.5 0.07500000000018549
    vertex 0 1.6 0.07500000000018549
  endloop
endfacet
facet normal 1 0 0
  outer loop
    vertex 0 1.5 0.1000000000001109
    vertex 0 1.6 0.07500000000018549
    vertex 0 1.6 0.1000000000001109
  endloop
endfacet
facet normal 1 0 0
  outer loop
    vertex 0 1.6 0.1000000000001109
    vertex 0 1.6 0.07500000000018549
    vertex 0 1.7 0.07500000000018549
  endloop
endfacet
facet normal 1 0 0
  outer loop
    vertex 0 1.6 0.1000000000001109
    vertex 0 1.7 0.07500000000018549
    vertex 0 1.7 0.1000000000001109
  endloop
endfacet
facet normal 1 0 0
  outer loop
    vertex 0 1.7 0.1000000000001109
    vertex 0 1.7 0.07500000000018549
    vertex 0 1.8 0.07500000000018549
  endloop
endfacet
facet normal 1 0 0
  outer loop
    vertex 0 1.7 0.1000000000001109
    vertex 0 1.8 0.07500000000018549
    vertex 0 1.8 0.1000000000001109
  endloop
endfacet
facet normal 1 0 0
  outer loop
    vertex 0 1.8 0.1000000000001109
    vertex 0 1.8 0.07500000000018549
    vertex 0 1.9 0.07500000000018549
  endloop
endfacet
facet normal 1 0 0
  outer loop
    vertex 0 1.8 0.1000000000001109
    vertex 0 1.9 0.07500000000018549
    vertex 0 1.9 0.1000000000001109
  endloop
endfacet
facet normal 1 0 0
  outer loop
    vertex 0 1.9 0.1000000000001109
    vertex 0 1.9 0.07500000000018549
    vertex 0 2 0.07500000000018549
  endloop
endfacet
facet normal 1 0 0
  outer loop
    vertex 0 1.9 0.1000000000001109
    vertex 0 2 0.07500000000018549
    vertex 0 2 0.1000000000001109
  endloop
endfacet
facet normal 1 0 0
  outer loop
    vertex 0 0 0.07500000000018549
    vertex 0 0 0.05000000000012345
    vertex 0 0.1 0.05000000000012345
  endloop
endfacet
facet normal 1 0 0
  outer loop
    vertex 0 0 0.07500000000018549
    vertex 0 0.1 0.05000000000012345
    vertex 0 0.1 0.07500000000018549
  endloop
endfacet
facet normal 1 0 0
  outer loop
    vertex 0 0.1 0.07500000000018549
    vertex 0 0.1 0.05000000000012345
    vertex 0 0.2 0.05000000000012345
  endloop
endfacet
facet normal 1 0 0
  outer loop
    vertex 0 0.1 0.07500000000018549
    vertex 0 0.2 0.05000000000012345
    vertex 0 0.2 0.07500000000018549
  endloop
endfacet
facet normal 1 0 0
  outer loop
    vertex 0 0.2 0.07500000000018549
    vertex 0 0.2 0.05000000000012345
    vertex 0 0.3 0.05000000000012345
  endloop
endfacet
facet normal 1 0 0
  outer loop
    vertex 0 0.2 0.07500000000018549
    vertex 0 0.3 0.05000000000012345
    vertex 0 0.3 0.07500000000018549
  endloop
endfacet
facet normal 1 0 0
  outer loop
    vertex 0 0.3 0.07500000000018549
    vertex 0 0.3 0.05000000000012345
    vertex 0 0.4 0.05000000000012345
  endloop
endfacet
facet normal 1 0 0
  outer loop
    vertex 0 0.3 0.07500000000018549
    vertex 0 0.4 0.05000000000012345
    vertex 0 0.4 0.07500000000018549
  endloop
endfacet
facet normal 1 0 0
  outer loop
    vertex 0 0.4 0.07500000000018549
    vertex 0 0.4 0.05000000000012345
    vertex 0 0.5 0.05000000000012345
  endloop
endfacet
facet normal 1 0 0
  outer loop
    vertex 0 0.4 0.07500000000018549
    vertex 0 0.5 0.05000000000012345
    vertex 0 0.5 0.07500000000018549
  endloop
endfacet
facet normal 1 0 0
  outer loop
    vertex 0 0.5 0.07500000000018549
    vertex 0 0.5 0.05000000000012345
    vertex 0 0.6 0.05000000000012345
  endloop
endfacet
facet normal 1 0 0
  outer loop
    vertex 0 0.5 0.07500000000018549
    vertex 0 0.6 0.05000000000012345
    vertex 0 0.6 0.07500000000018549
  endloop
endfacet
facet normal 1 0 0
  outer loop
    vertex 0 0.6 0.07500000000018549
    vertex 0 0.6 0.05000000000012345
    vertex 0 0.7 0.05000000000012345
  endloop
endfacet
facet normal 1 0 0
  outer loop
    vertex 0 0.6 0.07500000000018549
    vertex 0 0.7 0.05000000000012345
    vertex 0 0.7 0.07500000000018549
  endloop
endfacet
facet normal 1 0 0
  outer loop
    vertex 0 0.7 0.07500000000018549
    vertex 0 0.7 0.05000000000012345
    vertex 0 0.8 0.05000000000012345
  endloop
endfacet
facet normal 1 0 0
  outer loop
    vertex 0 0.7 0.07500000000018549
    vertex 0 0.8 0.05000000000012345
    vertex 0 0.8 0.07500000000018549
  endloop
endfacet
facet normal 1 0 0
  outer loop
    vertex 0 0.8 0.07500000000018549
    vertex 0 0.8 0.05000000000012345
    vertex 0 0.9 0.05000000000012345
  endloop
endfacet
facet normal 1 0 0
  outer loop
    vertex 0 0.8 0.07500000000018549
    vertex 0 0.9 0.05000000000012345
    vertex 0 0.9 0.07500000000018549
  endloop
endfacet
facet normal 1 0 0
  outer loop
    vertex 0 0.9 0.07500000000018549
    vertex 0 0.9 0.05000000000012345
    vertex 0 1 0.05000000000012345
  endloop
endfacet
facet normal 1 0 0
  outer loop
    vertex 0 0.9 0.07500000000018549
    vertex 0 1 0.05000000000012345
    vertex 0 1 0.07500000000018549
  endloop
endfacet
facet normal 1 0 0
  outer loop
    vertex 0 1 0.07500000000018549
    vertex 0 1 0.05000000000012345
    vertex 0 1.1 0.05000000000012345
  endloop
endfacet
facet normal 1 0 0
  outer loop
    vertex 0 1 0.07500000000018549
    vertex 0 1.1 0.05000000000012345
    vertex 0 1.1 0.07500000000018549
  endloop
endfacet
facet normal 1 0 0
  outer loop
    vertex 0 1.1 0.07500000000018549
    vertex 0 1.1 0.05000000000012345
    vertex 0 1.2 0.05000000000012345
  endloop
endfacet
facet normal 1 0 0
  outer loop
    vertex 0 1.1 0.07500000000018549
    vertex 0 1.2 0.05000000000012345
    vertex 0 1.2 0.07500000000018549
  endloop
endfacet
facet normal 1 0 0
  outer loop
    vertex 0 1.2 0.07500000000018549
    vertex 0 1.2 0.05000000000012345
    vertex 0 1.3 0.05000000000012345
  endloop
endfacet
facet normal 1 0 0
  outer loop
    vertex 0 1.2 0.07500000000018549
    vertex 0 1.3 0.05000000000012345
    vertex 0 1.3 0.07500000000018549
  endloop
endfacet
facet normal 1 0 0
  outer loop
    vertex 0 1.3 0.07500000000018549
    vertex 0 1.3 0.05000000000012345
    vertex 0 1.4 0.05000000000012345
  endloop
endfacet
facet normal 1 0 0
  outer loop
    vertex 0 1.3 0.07500000000018549
    vertex 0 1.4 0.05000000000012345
    vertex 0 1.4 0.07500000000018549
  endloop
endfacet
facet normal 1 0 0
  outer loop
    vertex 0 1.4 0.07500000000018549
    vertex 0 1.4 0.05000000000012345
    vertex 0 1.5 0.05000000000012345
  endloop
endfacet
facet normal 1 0 0
  outer loop
    vertex 0 1.4 0.07500000000018549
    vertex 0 1.5 0.05000000000012345
    vertex 0 1.5 0.07500000000018549
  endloop
endfacet
facet normal 1 0 0
  outer loop
    vertex 0 1.5 0.07500000000018549
    vertex 0 1.5 0.05000000000012345
    vertex 0 1.6 0.05000000000012345
  endloop
endfacet
facet normal 1 0 0
  outer loop
    vertex 0 1.5 0.07500000000018549
    vertex 0 1.6 0.05000000000012345
    vertex 0 1.6 0.07500000000018549
  endloop
endfacet
facet normal 1 0 0
  outer loop
    vertex 0 1.6 0.07500000000018549
    vertex 0 1.6 0.05000000000012345
    vertex 0 1.7 0.05000000000012345
  endloop
endfacet
facet normal 1 0 0
  outer loop
    vertex 0 1.6 0.07500000000018549
    vertex 0 1.7 0.05000000000012345
    vertex 0 1.7 0.07500000000018549
  endloop
endfacet
facet normal 1 0 0
  outer loop
    vertex 0 1.7 0.07500000000018549
    vertex 0 1.7 0.05000000000012345
    vertex 0 1.8 0.05000000000012345
  endloop
endfacet
facet normal 1 0 0
  outer loop
    vertex 0 1.7 0.07500000000018549
    vertex 0 1.8 0.05000000000012345
    vertex 0 1.8 0.07500000000018549
  endloop
endfacet
facet normal 1 0 0
  outer loop
    vertex 0 1.8 0.07500000000018549
    vertex 0 1.8 0.05000000000012345
    vertex 0 1.9 0.05000000000012345
  endloop
endfacet
facet normal 1 0 0
  outer loop
    vertex 0 1.8 0.07500000000018549
    vertex 0 1.9 0.05000000000012345
    vertex 0 1.9 0.07500000000018549
  endloop
endfacet
facet normal 1 0 0
  outer loop
    vertex 0 1.9 0.07500000000018549
    vertex 0 1.9 0.05000000000012345
    vertex 0 2 0.05000000000012345
  endloop
endfacet
facet normal 1 0 0
  outer loop
    vertex 0 1.9 0.07500000000018549
    vertex 0 2 0.05000000000012345
    vertex 0 2 0.07500000000018549
  endloop
endfacet
facet normal 1 0 0
  outer loop
    vertex 0 0 0.05000000000012345
    vertex 0 0 0.02500000000006141
    vertex 0 0.1 0.02500000000006141
  endloop
endfacet
facet normal 1 0 0
  outer loop
    vertex 0 0 0.05000000000012345
    vertex 0 0.1 0.02500000000006141
    vertex 0 0.1 0.05000000000012345
  endloop
endfacet
facet normal 1 0 0
  outer loop
    vertex 0 0.1 0.05000000000012345
    vertex 0 0.1 0.02500000000006141
    vertex 0 0.2 0.02500000000006141
  endloop
endfacet
facet normal 1 0 0
  outer loop
    vertex 0 0.1 0.05000000000012345
    vertex 0 0.2 0.02500000000006141
    vertex 0 0.2 0.05000000000012345
  endloop
endfacet
facet normal 1 0 0
  outer loop
    vertex 0 0.2 0.05000000000012345
    vertex 0 0.2 0.02500000000006141
    vertex 0 0.3 0.02500000000006141
  endloop
endfacet
facet normal 1 0 0
  outer loop
    vertex 0 0.2 0.05000000000012345
    vertex 0 0.3 0.02500000000006141
    vertex 0 0.3 0.05000000000012345
  endloop
endfacet
facet normal 1 0 0
  outer loop
    vertex 0 0.3 0.05000000000012345
    vertex 0 0.3 0.02500000000006141
    vertex 0 0.4 0.02500000000006141
  endloop
endfacet
facet normal 1 0 0
  outer loop
    vertex 0 0.3 0.05000000000012345
    vertex 0 0.4 0.02500000000006141
    vertex 0 0.4 0.05000000000012345
  endloop
endfacet
facet normal 1 0 0
  outer loop
    vertex 0 0.4 0.05000000000012345
    vertex 0 0.4 0.02500000000006141
    vertex 0 0.5 0.02500000000006141
  endloop
endfacet
facet normal 1 0 0
  outer loop
    vertex 0 0.4 0.05000000000012345
    vertex 0 0.5 0.02500000000006141
    vertex 0 0.5 0.05000000000012345
  endloop
endfacet
facet normal 1 0 0
  outer loop
    vertex 0 0.5 0.05000000000012345
    vertex 0 0.5 0.02500000000006141
    vertex 0 0.6 0.02500000000006141
  endloop
endfacet
facet normal 1 0 0
  outer loop
    vertex 0 0.5 0.05000000000012345
    vertex 0 0.6 0.02500000000006141
    vertex 0 0.6 0.05000000000012345
  endloop
endfacet
facet normal 1 0 0
  outer loop
    vertex 0 0.6 0.05000000000012345
    vertex 0 0.6 0.02500000000006141
    vertex 0 0.7 0.02500000000006141
  endloop
endfacet
facet normal 1 0 0
  outer loop
    vertex 0 0.6 0.05000000000012345
    vertex 0 0.7 0.02500000000006141
    vertex 0 0.7 0.05000000000012345
  endloop
endfacet
facet normal 1 0 0
  outer loop
    vertex 0 0.7 0.05000000000012345
    vertex 0 0.7 0.02500000000006141
    vertex 0 0.8 0.02500000000006141
  endloop
endfacet
facet normal 1 0 0
  outer loop
    vertex 0 0.7 0.05000000000012345
    vertex 0 0.8 0.02500000000006141
    vertex 0 0.8 0.05000000000012345
  endloop
endfacet
facet normal 1 0 0
  outer loop
    vertex 0 0.8 0.05000000000012345
    vertex 0 0.8 0.02500000000006141
    vertex 0 0.9 0.02500000000006141
  endloop
endfacet
facet normal 1 0 0
  outer loop
    vertex 0 0.8 0.05000000000012345
    vertex 0 0.9 0.02500000000006141
    vertex 0 0.9 0.05000000000012345
  endloop
endfacet
facet normal 1 0 0
  outer loop
    vertex 0 0.9 0.05000000000012345
    vertex 0 0.9 0.02500000000006141
    vertex 0 1 0.02500000000006141
  endloop
endfacet
facet normal 1 0 0
  outer loop
    vertex 0 0.9 0.05000000000012345
    vertex 0 1 0.02500000000006141
    vertex 0 1 0.05000000000012345
  endloop
endfacet
facet normal 1 0 0
  outer loop
    vertex 0 1 0.05000000000012345
    vertex 0 1 0.02500000000006141
    vertex 0 1.1 0.02500000000006141
  endloop
endfacet
facet normal 1 0 0
  outer loop
    vertex 0 1 0.05000000000012345
    vertex 0 1.1 0.02500000000006141
    vertex 0 1.1 0.05000000000012345
  endloop
endfacet
facet normal 1 0 0
  outer loop
    vertex 0 1.1 0.05000000000012345
    vertex 0 1.1 0.02500000000006141
    vertex 0 1.2 0.02500000000006141
  endloop
endfacet
facet normal 1 0 0
  outer loop
    vertex 0 1.1 0.05000000000012345
    vertex 0 1.2 0.02500000000006141
    vertex 0 1.2 0.05000000000012345
  endloop
endfacet
facet normal 1 0 0
  outer loop
    vertex 0 1.2 0.05000000000012345
    vertex 0 1.2 0.02500000000006141
    vertex 0 1.3 0.02500000000006141
  endloop
endfacet
facet normal 1 0 0
  outer loop
    vertex 0 1.2 0.05000000000012345
    vertex 0 1.3 0.02500000000006141
    vertex 0 1.3 0.05000000000012345
  endloop
endfacet
facet normal 1 0 0
  outer loop
    vertex 0 1.3 0.05000000000012345
    vertex 0 1.3 0.02500000000006141
    vertex 0 1.4 0.02500000000006141
  endloop
endfacet
facet normal 1 0 0
  outer loop
    vertex 0 1.3 0.05000000000012345
    vertex 0 1.4 0.02500000000006141
    vertex 0 1.4 0.05000000000012345
  endloop
endfacet
facet normal 1 0 0
  outer loop
    vertex 0 1.4 0.05000000000012345
    vertex 0 1.4 0.02500000000006141
    vertex 0 1.5 0.02500000000006141
  endloop
endfacet
facet normal 1 0 0
  outer loop
    vertex 0 1.4 0.05000000000012345
    vertex 0 1.5 0.02500000000006141
    vertex 0 1.5 0.05000000000012345
  endloop
endfacet
facet normal 1 0 0
  outer loop
    vertex 0 1.5 0.05000000000012345
    vertex 0 1.5 0.02500000000006141
    vertex 0 1.6 0.02500000000006141
  endloop
endfacet
facet normal 1 0 0
  outer loop
    vertex 0 1.5 0.05000000000012345
    vertex 0 1.6 0.02500000000006141
    vertex 0 1.6 0.05000000000012345
  endloop
endfacet
facet normal 1 0 0
  outer loop
    vertex 0 1.6 0.05000000000012345
    vertex 0 1.6 0.02500000000006141
    vertex 0 1.7 0.02500000000006141
  endloop
endfacet
facet normal 1 0 0
  outer loop
    vertex 0 1.6 0.05000000000012345
    vertex 0 1.7 0.02500000000006141
    vertex 0 1.7 0.05000000000012345
  endloop
endfacet
facet normal 1 0 0
  outer loop
    vertex 0 1.7 0.05000000000012345
    vertex 0 1.7 0.02500000000006141
    vertex 0 1.8 0.02500000000006141
  endloop
endfacet
facet normal 1 0 0
  outer loop
    vertex 0 1.7 0.05000000000012345
    vertex 0 1.8 0.02500000000006141
    vertex 0 1.8 0.05000000000012345
  endloop
endfacet
facet normal 1 0 0
  outer loop
    vertex 0 1.8 0.05000000000012345
    vertex 0 1.8 0.02500000000006141
    vertex 0 1.9 0.02500000000006141
  endloop
endfacet
facet normal 1 0 0
  outer loop
    vertex 0 1.8 0.05000000000012345
    vertex 0 1.9 0.02500000000006141
    vertex 0 1.9 0.05000000000012345
  endloop
endfacet
facet normal 1 0 0
  outer loop
    vertex 0 1.9 0.05000000000012345
    vertex 0 1.9 0.02500000000006141
    vertex 0 2 0.02500000000006141
  endloop
endfacet
facet normal 1 0 0
  outer loop
    vertex 0 1.9 0.05000000000012345
    vertex 0 2 0.02500000000006141
    vertex 0 2 0.05000000000012345
  endloop
endfacet
facet normal 1 0 0
  outer loop
    vertex 0 0 0.02500000000006141
    vertex 0 0 0
    vertex 0 0.1 0
  endloop
endfacet
facet normal 1 0 0
  outer loop
    vertex 0 0 0.02500000000006141
    vertex 0 0.1 0
    vertex 0 0.1 0.02500000000006141
  endloop
endfacet
facet normal 1 0 0
  outer loop
    vertex 0 0.1 0.02500000000006141
    vertex 0 0.1 0
    vertex 0 0.2 0
  endloop
endfacet
facet normal 1 0 0
  outer loop
    vertex 0 0.1 0.02500000000006141
    vertex 0 0.2 0
    vertex 0 0.2 0.02500000000006141
  endloop
endfacet
facet normal 1 0 0
  outer loop
    vertex 0 0.2 0.02500000000006141
    vertex 0 0.2 0
    vertex 0 0.3 0
  endloop
endfacet
facet normal 1 0 0
  outer loop
    vertex 0 0.2 0.02500000000006141
    vertex 0 0.3 0
    vertex 0 0.3 0.02500000000006141
  endloop
endfacet
facet normal 1 0 0
  outer loop
    vertex 0 0.3 0.02500000000006141
    vertex 0 0.3 0
    vertex 0 0.4 0
  endloop
endfacet
facet normal 1 0 0
  outer loop
    vertex 0 0.3 0.02500000000006141
    vertex 0 0.4 0
    vertex 0 0.4 0.02500000000006141
  endloop
endfacet
facet normal 1 0 0
  outer loop
    vertex 0 0.4 0.02500000000006141
    vertex 0 0.4 0
    vertex 0 0.5 0
  endloop
endfacet
facet normal 1 0 0
  outer loop
    vertex 0 0.4 0.02500000000006141
    vertex 0 0.5 0
    vertex 0 0.5 0.02500000000006141
  endloop
endfacet
facet normal 1 0 0
  outer loop
    vertex 0 0.5 0.02500000000006141
    vertex 0 0.5 0
    vertex 0 0.6 0
  endloop
endfacet
facet normal 1 0 0
  outer loop
    vertex 0 0.5 0.02500000000006141
    vertex 0 0.6 0
    vertex 0 0.6 0.02500000000006141
  endloop
endfacet
facet normal 1 0 0
  outer loop
    vertex 0 0.6 0.02500000000006141
    vertex 0 0.6 0
    vertex 0 0.7 0
  endloop
endfacet
facet normal 1 0 0
  outer loop
    vertex 0 0.6 0.02500000000006141
    vertex 0 0.7 0
    vertex 0 0.7 0.02500000000006141
  endloop
endfacet
facet normal 1 0 0
  outer loop
    vertex 0 0.7 0.02500000000006141
    vertex 0 0.7 0
    vertex 0 0.8 0
  endloop
endfacet
facet normal 1 0 0
  outer loop
    vertex 0 0.7 0.02500000000006141
    vertex 0 0.8 0
    vertex 0 0.8 0.02500000000006141
  endloop
endfacet
facet normal 1 0 0
  outer loop
    vertex 0 0.8 0.02500000000006141
    vertex 0 0.8 0
    vertex 0 0.9 0
  endloop
endfacet
facet normal 1 0 0
  outer loop
    vertex 0 0.8 0.02500000000006141
    vertex 0 0.9 0
    vertex 0 0.9 0.02500000000006141
  endloop
endfacet
facet normal 1 0 0
  outer loop
    vertex 0 0.9 0.02500000000006141
    vertex 0 0.9 0
    vertex 0 1 0
  endloop
endfacet
facet normal 1 0 0
  outer loop
    vertex 0 0.9 0.02500000000006141
    vertex 0 1 0
    vertex 0 1 0.02500000000006141
  endloop
endfacet
facet normal 1 0 0
  outer loop
    vertex 0 1 0.02500000000006141
    vertex 0 1 0
    vertex 0 1.1 0
  endloop
endfacet
facet normal 1 0 0
  outer loop
    vertex 0 1 0.02500000000006141
    vertex 0 1.1 0
    vertex 0 1.1 0.02500000000006141
  endloop
endfacet
facet normal 1 0 0
  outer loop
    vertex 0 1.1 0.02500000000006141
    vertex 0 1.1 0
    vertex 0 1.2 0
  endloop
endfacet
facet normal 1 0 0
  outer loop
    vertex 0 1.1 0.02500000000006141
    vertex 0 1.2 0
    vertex 0 1.2 0.02500000000006141
  endloop
endfacet
facet normal 1 0 0
  outer loop
    vertex 0 1.2 0.02500000000006141
    vertex 0 1.2 0
    vertex 0 1.3 0
  endloop
endfacet
facet normal 1 0 0
  outer loop
    vertex 0 1.2 0.02500000000006141
    vertex 0 1.3 0
    vertex 0 1.3 0.02500000000006141
  endloop
endfacet
facet normal 1 0 0
  outer loop
    vertex 0 1.3 0.02500000000006141
    vertex 0 1.3 0
    vertex 0 1.4 0
  endloop
endfacet
facet normal 1 0 0
  outer loop
    vertex 0 1.3 0.02500000000006141
    vertex 0 1.4 0
    vertex 0 1.4 0.02500000000006141
  endloop
endfacet
facet normal 1 0 0
  outer loop
    vertex 0 1.4 0.02500000000006141
    vertex 0 1.4 0
    vertex 0 1.5 0
  endloop
endfacet
facet normal 1 0 0
  outer loop
    vertex 0 1.4 0.02500000000006141
    vertex 0 1.5 0
    vertex 0 1.5 0.02500000000006141
  endloop
endfacet
facet normal 1 0 0
  outer loop
    vertex 0 1.5 0.02500000000006141
    vertex 0 1.5 0
    vertex 0 1.6 0
  endloop
endfacet
facet normal 1 0 0
  outer loop
    vertex 0 1.5 0.02500000000006141
    vertex 0 1.6 0
    vertex 0 1.6 0.02500000000006141
  endloop
endfacet
facet normal 1 0 0
  outer loop
    vertex 0 1.6 0.02500000000006141
    vertex 0 1.6 0
    vertex 0 1.7 0
  endloop
endfacet
facet normal 1 0 0
  outer loop
    vertex 0 1.6 0.02500000000006141
    vertex 0 1.7 0
    vertex 0 1.7 0.02500000000006141
  endloop
endfacet
facet normal 1 0 0
  outer loop
    vertex 0 1.7 0.02500000000006141
    vertex 0 1.7 0
    vertex 0 1.8 0
  endloop
endfacet
facet normal 1 0 0
  outer loop
    vertex 0 1.7 0.02500000000006141
    vertex 0 1.8 0
    vertex 0 1.8 0.02500000000006141
  endloop
endfacet
facet normal 1 0 0
  outer loop
    vertex 0 1.8 0.02500000000006141
    vertex 0 1.8 0
    vertex 0 1.9 0
  endloop
endfacet
facet normal 1 0 0
  outer loop
    vertex 0 1.8 0.02500000000006141
    vertex 0 1.9 0
    vertex 0 1.9 0.02500000000006141
  endloop
endfacet
facet normal 1 0 0
  outer loop
    vertex 0 1.9 0.02500000000006141
    vertex 0 1.9 0
    vertex 0 2 0
  endloop
endfacet
facet normal 1 0 0
  outer loop
    vertex 0 1.9 0.02500000000006141
    vertex 0 2 0
    vertex 0 2 0.02500000000006141
  endloop
endfacet
facet normal -0 -1 0
  outer loop
    vertex 0.0057 2 0.008999999999999999
    vertex 0 2 0.02500000000006141
    vertex 0 2 0
  endloop
endfacet
facet normal 0 -1 0
  outer loop
    vertex 0 2 0.15
    vertex 0 2 0.1250000000000392
    vertex 0.0057 2 0.141
  endloop
endfacet
facet normal 0 -1 0
  outer loop
    vertex 0 2 0.05000000000012345
    vertex 0 2 0.02500000000006141
    vertex 0.0057 2 0.03099999999995512
  endloop
endfacet
facet normal 0 -1 0
  outer loop
    vertex 0 2 0.1250000000000392
    vertex 0 2 0.1000000000001109
    vertex 0.0057 2 0.1189999999999397
  endloop
endfacet
facet normal 0 -1 0
  outer loop
    vertex 0.02499999999993847 2 0
    vertex 0.0057 2 0.008999999999999999
    vertex 0 2 0
  endloop
endfacet
facet normal -0 -1 -0
  outer loop
    vertex 0.075 2 0.008999999999999999
    vertex 0.05190000000006277 2 0.008999999999999999
    vertex 0.075 2 0
  endloop
endfacet
facet normal 0 -1 -0
  outer loop
    vertex 0.05190000000006277 2 0.008999999999999999
    vertex 0.049999999999937 2 0
    vertex 0.075 2 0
  endloop
endfacet
facet normal -0 -1 0
  outer loop
    vertex 0.02880000000006591 2 0.008999999999999999
    vertex 0.0057 2 0.008999999999999999
    vertex 0.02499999999993847 2 0
  endloop
endfacet
facet normal 0 -1 -0
  outer loop
    vertex 0.0057 2 0.03099999999995512
    vertex 0 2 0.02500000000006141
    vertex 0.0057 2 0.008999999999999999
  endloop
endfacet
facet normal -0 -1 0
  outer loop
    vertex 0.02500000000006173 2 0.15
    vertex 0 2 0.15
    vertex 0.0057 2 0.141
  endloop
endfacet
facet normal 0 -1 -0
  outer loop
    vertex 0.0057 2 0.141
    vertex 0 2 0.1250000000000392
    vertex 0.0057 2 0.1189999999999397
  endloop
endfacet
facet normal 0 -1 -0
  outer loop
    vertex 0.02500000000006173 2 0.15
    vertex 0.0057 2 0.141
    vertex 0.02879999999994219 2 0.141
  endloop
endfacet
facet normal 0 -1 0
  outer loop
    vertex 0.075 2 0.141
    vertex 0.075 2 0.15
    vertex 0.05189999999993772 2 0.141
  endloop
endfacet
facet normal -0 -1 0
  outer loop
    vertex 0.075 2 0.15
    vertex 0.05000000000005547 2 0.15
    vertex 0.05189999999993772 2 0.141
  endloop
endfacet
facet normal 0 -1 0
  outer loop
    vertex 0.049999999999937 2 0
    vertex 0.02880000000006591 2 0.008999999999999999
    vertex 0.02499999999993847 2 0
  endloop
endfacet
facet normal -0 -1 0
  outer loop
    vertex 0.05190000000006277 2 0.008999999999999999
    vertex 0.02880000000006591 2 0.008999999999999999
    vertex 0.049999999999937 2 0
  endloop
endfacet
facet normal 0 -1 -0
  outer loop
    vertex 0.0057 2 0.05299999999989062
    vertex 0 2 0.05000000000012345
    vertex 0.0057 2 0.03099999999995512
  endloop
endfacet
facet normal -0 -1 -0
  outer loop
    vertex 0.0057 2 0.0749999999998275
    vertex 0 2 0.07500000000018549
    vertex 0.0057 2 0.05299999999989062
  endloop
endfacet
facet normal 0 -1 0
  outer loop
    vertex 0 2 0.07500000000018549
    vertex 0 2 0.05000000000012345
    vertex 0.0057 2 0.05299999999989062
  endloop
endfacet
facet normal 0 -1 0
  outer loop
    vertex 0 2 0.07500000000018549
    vertex 0.0057 2 0.0749999999998275
    vertex 0.0057 2 0.0969999999998786
  endloop
endfacet
facet normal 0 -1 -0
  outer loop
    vertex 0.0057 2 0.1189999999999397
    vertex 0 2 0.1000000000001109
    vertex 0.0057 2 0.0969999999998786
  endloop
endfacet
facet normal 0 -1 0
  outer loop
    vertex 0 2 0.1000000000001109
    vertex 0 2 0.07500000000018549
    vertex 0.0057 2 0.0969999999998786
  endloop
endfacet
facet normal 0 -1 0
  outer loop
    vertex 0.05189999999993772 2 0.141
    vertex 0.05000000000005547 2 0.15
    vertex 0.02879999999994219 2 0.141
  endloop
endfacet
facet normal -0 -1 0
  outer loop
    vertex 0.05000000000005547 2 0.15
    vertex 0.02500000000006173 2 0.15
    vertex 0.02879999999994219 2 0.141
  endloop
endfacet
endsolid Created by Gmsh
